"OWNER","TABLE_NAME","COLUMN_NAME","DATA_TYPE","DATA_LENGTH","DATA_PRECISION","DATA_SCALE","NULLABLE","COLUMN_ID"
"FS_FIADB","BEGINEND","ONEORTWO","NUMBER",22,NA,NA,"Y",1
"FS_FIADB","BEGINEND","CREATED_BY","VARCHAR2",30,NA,NA,"Y",2
"FS_FIADB","BEGINEND","CREATED_DATE","DATE",7,NA,NA,"Y",3
"FS_FIADB","BEGINEND","CREATED_IN_INSTANCE","VARCHAR2",6,NA,NA,"Y",4
"FS_FIADB","BEGINEND","MODIFIED_BY","VARCHAR2",30,NA,NA,"Y",5
"FS_FIADB","BEGINEND","MODIFIED_DATE","DATE",7,NA,NA,"Y",6
"FS_FIADB","BEGINEND","MODIFIED_IN_INSTANCE","VARCHAR2",6,NA,NA,"Y",7
"FS_FIADB","COND","CN","VARCHAR2",34,NA,NA,"N",1
"FS_FIADB","COND","PLT_CN","VARCHAR2",34,NA,NA,"N",2
"FS_FIADB","COND","INVYR","NUMBER",22,4,0,"N",3
"FS_FIADB","COND","STATECD","NUMBER",22,4,0,"N",4
"FS_FIADB","COND","UNITCD","NUMBER",22,2,0,"N",5
"FS_FIADB","COND","COUNTYCD","NUMBER",22,3,0,"N",6
"FS_FIADB","COND","PLOT","NUMBER",22,5,0,"N",7
"FS_FIADB","COND","CONDID","NUMBER",22,1,0,"N",8
"FS_FIADB","COND","COND_STATUS_CD","NUMBER",22,1,0,"N",9
"FS_FIADB","COND","COND_NONSAMPLE_REASN_CD","NUMBER",22,2,0,"Y",10
"FS_FIADB","COND","RESERVCD","NUMBER",22,2,0,"Y",11
"FS_FIADB","COND","OWNCD","NUMBER",22,2,0,"Y",12
"FS_FIADB","COND","OWNGRPCD","NUMBER",22,2,0,"Y",13
"FS_FIADB","COND","ADFORCD","NUMBER",22,4,0,"Y",14
"FS_FIADB","COND","FORTYPCD","NUMBER",22,3,0,"Y",15
"FS_FIADB","COND","FLDTYPCD","NUMBER",22,3,0,"Y",16
"FS_FIADB","COND","MAPDEN","NUMBER",22,1,0,"Y",17
"FS_FIADB","COND","STDAGE","NUMBER",22,4,0,"Y",18
"FS_FIADB","COND","STDSZCD","NUMBER",22,2,0,"Y",19
"FS_FIADB","COND","FLDSZCD","NUMBER",22,2,0,"Y",20
"FS_FIADB","COND","SITECLCD","NUMBER",22,2,0,"Y",21
"FS_FIADB","COND","SICOND","NUMBER",22,3,0,"Y",22
"FS_FIADB","COND","SIBASE","NUMBER",22,3,0,"Y",23
"FS_FIADB","COND","SISP","NUMBER",22,4,0,"Y",24
"FS_FIADB","COND","STDORGCD","NUMBER",22,2,0,"Y",25
"FS_FIADB","COND","STDORGSP","NUMBER",22,NA,NA,"Y",26
"FS_FIADB","COND","PROP_BASIS","VARCHAR2",12,NA,NA,"Y",27
"FS_FIADB","COND","CONDPROP_UNADJ","NUMBER",22,NA,NA,"Y",28
"FS_FIADB","COND","MICRPROP_UNADJ","NUMBER",22,NA,NA,"Y",29
"FS_FIADB","COND","SUBPPROP_UNADJ","NUMBER",22,NA,NA,"Y",30
"FS_FIADB","COND","MACRPROP_UNADJ","NUMBER",22,NA,NA,"Y",31
"FS_FIADB","COND","SLOPE","NUMBER",22,3,0,"Y",32
"FS_FIADB","COND","ASPECT","NUMBER",22,3,0,"Y",33
"FS_FIADB","COND","PHYSCLCD","NUMBER",22,2,0,"Y",34
"FS_FIADB","COND","GSSTKCD","NUMBER",22,2,0,"Y",35
"FS_FIADB","COND","ALSTKCD","NUMBER",22,2,0,"Y",36
"FS_FIADB","COND","DSTRBCD1","NUMBER",22,2,0,"Y",37
"FS_FIADB","COND","DSTRBYR1","NUMBER",22,4,0,"Y",38
"FS_FIADB","COND","DSTRBCD2","NUMBER",22,2,0,"Y",39
"FS_FIADB","COND","DSTRBYR2","NUMBER",22,4,0,"Y",40
"FS_FIADB","COND","DSTRBCD3","NUMBER",22,2,0,"Y",41
"FS_FIADB","COND","DSTRBYR3","NUMBER",22,4,0,"Y",42
"FS_FIADB","COND","TRTCD1","NUMBER",22,2,0,"Y",43
"FS_FIADB","COND","TRTYR1","NUMBER",22,4,0,"Y",44
"FS_FIADB","COND","TRTCD2","NUMBER",22,2,0,"Y",45
"FS_FIADB","COND","TRTYR2","NUMBER",22,4,0,"Y",46
"FS_FIADB","COND","TRTCD3","NUMBER",22,2,0,"Y",47
"FS_FIADB","COND","TRTYR3","NUMBER",22,4,0,"Y",48
"FS_FIADB","COND","PRESNFCD","NUMBER",22,2,0,"Y",49
"FS_FIADB","COND","BALIVE","NUMBER",22,9,4,"Y",50
"FS_FIADB","COND","FLDAGE","NUMBER",22,4,0,"Y",51
"FS_FIADB","COND","ALSTK","NUMBER",22,7,4,"Y",52
"FS_FIADB","COND","GSSTK","NUMBER",22,7,4,"Y",53
"FS_FIADB","COND","FORTYPCDCALC","NUMBER",22,3,0,"Y",54
"FS_FIADB","COND","HABTYPCD1","VARCHAR2",10,NA,NA,"Y",55
"FS_FIADB","COND","HABTYPCD1_PUB_CD","VARCHAR2",10,NA,NA,"Y",56
"FS_FIADB","COND","HABTYPCD1_DESCR_PUB_CD","VARCHAR2",10,NA,NA,"Y",57
"FS_FIADB","COND","HABTYPCD2","VARCHAR2",10,NA,NA,"Y",58
"FS_FIADB","COND","HABTYPCD2_PUB_CD","VARCHAR2",10,NA,NA,"Y",59
"FS_FIADB","COND","HABTYPCD2_DESCR_PUB_CD","VARCHAR2",10,NA,NA,"Y",60
"FS_FIADB","COND","MIXEDCONFCD","VARCHAR2",1,NA,NA,"Y",61
"FS_FIADB","COND","VOL_LOC_GRP","VARCHAR2",200,NA,NA,"Y",62
"FS_FIADB","COND","SITECLCDEST","NUMBER",22,2,0,"Y",63
"FS_FIADB","COND","SITETREE_TREE","NUMBER",22,4,0,"Y",64
"FS_FIADB","COND","SITECL_METHOD","NUMBER",22,2,0,"Y",65
"FS_FIADB","COND","CARBON_DOWN_DEAD","NUMBER",22,13,6,"Y",66
"FS_FIADB","COND","CARBON_LITTER","NUMBER",22,13,6,"Y",67
"FS_FIADB","COND","CARBON_SOIL_ORG","NUMBER",22,13,6,"Y",68
"FS_FIADB","COND","CARBON_UNDERSTORY_AG","NUMBER",22,13,6,"Y",69
"FS_FIADB","COND","CARBON_UNDERSTORY_BG","NUMBER",22,13,6,"Y",70
"FS_FIADB","COND","CREATED_BY","VARCHAR2",30,NA,NA,"Y",71
"FS_FIADB","COND","CREATED_DATE","DATE",7,NA,NA,"Y",72
"FS_FIADB","COND","CREATED_IN_INSTANCE","VARCHAR2",6,NA,NA,"Y",73
"FS_FIADB","COND","MODIFIED_BY","VARCHAR2",30,NA,NA,"Y",74
"FS_FIADB","COND","MODIFIED_DATE","DATE",7,NA,NA,"Y",75
"FS_FIADB","COND","MODIFIED_IN_INSTANCE","VARCHAR2",6,NA,NA,"Y",76
"FS_FIADB","COND","CYCLE","NUMBER",22,2,0,"Y",77
"FS_FIADB","COND","SUBCYCLE","NUMBER",22,2,0,"Y",78
"FS_FIADB","COND","SOIL_ROOTING_DEPTH_PNW","VARCHAR2",1,NA,NA,"Y",79
"FS_FIADB","COND","GROUND_LAND_CLASS_PNW","VARCHAR2",3,NA,NA,"Y",80
"FS_FIADB","COND","PLANT_STOCKABILITY_FACTOR_PNW","NUMBER",22,NA,NA,"Y",81
"FS_FIADB","COND","STND_COND_CD_PNWRS","NUMBER",22,1,0,"Y",82
"FS_FIADB","COND","STND_STRUC_CD_PNWRS","NUMBER",22,1,0,"Y",83
"FS_FIADB","COND","STUMP_CD_PNWRS","VARCHAR2",1,NA,NA,"Y",84
"FS_FIADB","COND","FIRE_SRS","NUMBER",22,1,0,"Y",85
"FS_FIADB","COND","GRAZING_SRS","NUMBER",22,1,0,"Y",86
"FS_FIADB","COND","HARVEST_TYPE1_SRS","NUMBER",22,2,0,"Y",87
"FS_FIADB","COND","HARVEST_TYPE2_SRS","NUMBER",22,2,0,"Y",88
"FS_FIADB","COND","HARVEST_TYPE3_SRS","NUMBER",22,2,0,"Y",89
"FS_FIADB","COND","LAND_USE_SRS","NUMBER",22,2,0,"Y",90
"FS_FIADB","COND","OPERABILITY_SRS","NUMBER",22,2,0,"Y",91
"FS_FIADB","COND","STAND_STRUCTURE_SRS","NUMBER",22,2,0,"Y",92
"FS_FIADB","COND","NF_COND_STATUS_CD","NUMBER",22,1,0,"Y",93
"FS_FIADB","COND","NF_COND_NONSAMPLE_REASN_CD","NUMBER",22,2,0,"Y",94
"FS_FIADB","COND","CANOPY_CVR_SAMPLE_METHOD_CD","NUMBER",22,2,0,"Y",95
"FS_FIADB","COND","LIVE_CANOPY_CVR_PCT","NUMBER",22,3,0,"Y",96
"FS_FIADB","COND","LIVE_MISSING_CANOPY_CVR_PCT","NUMBER",22,3,0,"Y",97
"FS_FIADB","COND","NBR_LIVE_STEMS","NUMBER",22,5,0,"Y",98
"FS_FIADB","COND","OWNSUBCD","NUMBER",22,1,0,"Y",99
"FS_FIADB","COND","INDUSTRIALCD_FIADB","NUMBER",22,1,0,"Y",100
"FS_FIADB","COND","RESERVCD_5","NUMBER",22,1,0,"Y",101
"FS_FIADB","COND","ADMIN_WITHDRAWN_CD","NUMBER",22,1,0,"Y",102
"FS_FIADB","COND","CHAINING_CD","NUMBER",22,1,0,"Y",103
"FS_FIADB","COND","LAND_COVER_CLASS_CD_RET","NUMBER",22,2,0,"Y",104
"FS_FIADB","COND","AFFORESTATION_CD","NUMBER",22,1,0,"Y",105
"FS_FIADB","COND","PREV_AFFORESTATION_CD","NUMBER",22,1,0,"Y",106
"FS_FIADB","COND","DWM_FUELBED_TYPCD","VARCHAR2",3,NA,NA,"Y",107
"FS_FIADB","COND","NVCS_PRIMARY_CLASS","VARCHAR2",8,NA,NA,"Y",108
"FS_FIADB","COND","NVCS_LEVEL_1_CD","VARCHAR2",25,NA,NA,"Y",109
"FS_FIADB","COND","NVCS_LEVEL_2_CD","VARCHAR2",25,NA,NA,"Y",110
"FS_FIADB","COND","NVCS_LEVEL_3_CD","VARCHAR2",25,NA,NA,"Y",111
"FS_FIADB","COND","NVCS_LEVEL_4_CD","VARCHAR2",25,NA,NA,"Y",112
"FS_FIADB","COND","NVCS_LEVEL_5_CD","VARCHAR2",25,NA,NA,"Y",113
"FS_FIADB","COND","NVCS_LEVEL_6_CD","VARCHAR2",25,NA,NA,"Y",114
"FS_FIADB","COND","NVCS_LEVEL_7_CD","VARCHAR2",25,NA,NA,"Y",115
"FS_FIADB","COND","NVCS_LEVEL_8_CD","VARCHAR2",25,NA,NA,"Y",116
"FS_FIADB","COND","AGE_BASIS_CD_PNWRS","NUMBER",22,2,0,"Y",117
"FS_FIADB","COND","COND_STATUS_CHNG_CD_RMRS","NUMBER",22,1,0,"Y",118
"FS_FIADB","COND","CRCOVPCT_RMRS","NUMBER",22,3,0,"Y",119
"FS_FIADB","COND","DOMINANT_SPECIES1_PNWRS","NUMBER",22,4,0,"Y",120
"FS_FIADB","COND","DOMINANT_SPECIES2_PNWRS","NUMBER",22,4,0,"Y",121
"FS_FIADB","COND","DOMINANT_SPECIES3_PNWRS","NUMBER",22,4,0,"Y",122
"FS_FIADB","COND","DSTRBCD1_P2A","NUMBER",22,2,0,"Y",123
"FS_FIADB","COND","DSTRBCD2_P2A","NUMBER",22,2,0,"Y",124
"FS_FIADB","COND","DSTRBCD3_P2A","NUMBER",22,2,0,"Y",125
"FS_FIADB","COND","DSTRBYR1_P2A","NUMBER",22,4,0,"Y",126
"FS_FIADB","COND","DSTRBYR2_P2A","NUMBER",22,4,0,"Y",127
"FS_FIADB","COND","DSTRBYR3_P2A","NUMBER",22,4,0,"Y",128
"FS_FIADB","COND","FLDTYPCD_30","NUMBER",22,3,0,"Y",129
"FS_FIADB","COND","FOREST_COMMUNITY_PNWRS","NUMBER",22,3,0,"Y",130
"FS_FIADB","COND","LAND_USECD_RMRS","NUMBER",22,1,0,"Y",131
"FS_FIADB","COND","MAICF","NUMBER",22,5,2,"Y",132
"FS_FIADB","COND","PCTBARE_RMRS","NUMBER",22,3,0,"Y",133
"FS_FIADB","COND","QMD_RMRS","NUMBER",22,5,1,"Y",134
"FS_FIADB","COND","RANGETYPCD_RMRS","NUMBER",22,3,0,"Y",135
"FS_FIADB","COND","SDIMAX_RMRS","NUMBER",22,4,0,"Y",136
"FS_FIADB","COND","SDIPCT_RMRS","NUMBER",22,4,1,"Y",137
"FS_FIADB","COND","SDI_RMRS","NUMBER",22,8,4,"Y",138
"FS_FIADB","COND","STAND_STRUCTURE_ME_NERS","NUMBER",22,1,0,"Y",139
"FS_FIADB","COND","TREES_PRESENT_NCRS","NUMBER",22,1,0,"Y",140
"FS_FIADB","COND","TREES_PRESENT_NERS","NUMBER",22,1,0,"Y",141
"FS_FIADB","COND","TRTCD1_P2A","NUMBER",22,2,0,"Y",142
"FS_FIADB","COND","TRTCD2_P2A","NUMBER",22,2,0,"Y",143
"FS_FIADB","COND","TRTCD3_P2A","NUMBER",22,2,0,"Y",144
"FS_FIADB","COND","TRTOPCD","NUMBER",22,2,0,"Y",145
"FS_FIADB","COND","TRTYR1_P2A","NUMBER",22,4,0,"Y",146
"FS_FIADB","COND","TRTYR2_P2A","NUMBER",22,4,0,"Y",147
"FS_FIADB","COND","TRTYR3_P2A","NUMBER",22,4,0,"Y",148
"FS_FIADB","COND","LAND_COVER_CLASS_CD","NUMBER",22,2,0,"Y",149
"FS_FIADB","COND","SIEQN_REF_CD","VARCHAR2",10,NA,NA,"Y",150
"FS_FIADB","COND","SICOND_FVS","NUMBER",22,3,0,"Y",151
"FS_FIADB","COND","SIBASE_FVS","NUMBER",22,3,0,"Y",152
"FS_FIADB","COND","SISP_FVS","NUMBER",22,4,0,"Y",153
"FS_FIADB","COND","SIEQN_REF_CD_FVS","VARCHAR2",10,NA,NA,"Y",154
"FS_FIADB","COND","MQUADPROP_UNADJ","NUMBER",22,11,10,"Y",155
"FS_FIADB","COND","SOILPROP_UNADJ","NUMBER",22,11,10,"Y",156
"FS_FIADB","COND","FOREST_COND_STATUS_CHANGE_CD","NUMBER",22,1,0,"Y",157
"FS_FIADB","COND_DWM_CALC","CN","VARCHAR2",34,NA,NA,"N",1
"FS_FIADB","COND_DWM_CALC","STATECD","NUMBER",22,4,0,"N",2
"FS_FIADB","COND_DWM_CALC","COUNTYCD","NUMBER",22,3,0,"N",3
"FS_FIADB","COND_DWM_CALC","PLOT","NUMBER",22,NA,NA,"N",4
"FS_FIADB","COND_DWM_CALC","MEASYEAR","NUMBER",22,4,0,"N",5
"FS_FIADB","COND_DWM_CALC","INVYR","NUMBER",22,4,0,"N",6
"FS_FIADB","COND_DWM_CALC","CONDID","NUMBER",22,1,0,"N",7
"FS_FIADB","COND_DWM_CALC","EVALID","NUMBER",22,6,0,"N",8
"FS_FIADB","COND_DWM_CALC","PLT_CN","VARCHAR2",34,NA,NA,"N",9
"FS_FIADB","COND_DWM_CALC","CND_CN","VARCHAR2",34,NA,NA,"Y",10
"FS_FIADB","COND_DWM_CALC","STRATUM_CN","VARCHAR2",34,NA,NA,"Y",11
"FS_FIADB","COND_DWM_CALC","PHASE","VARCHAR2",3,NA,NA,"Y",12
"FS_FIADB","COND_DWM_CALC","CONDPROP_CWD","NUMBER",22,13,12,"Y",13
"FS_FIADB","COND_DWM_CALC","CONDPROP_FWD_SM","NUMBER",22,13,12,"Y",14
"FS_FIADB","COND_DWM_CALC","CONDPROP_FWD_MD","NUMBER",22,13,12,"Y",15
"FS_FIADB","COND_DWM_CALC","CONDPROP_FWD_LG","NUMBER",22,13,12,"Y",16
"FS_FIADB","COND_DWM_CALC","CONDPROP_DUFF","NUMBER",22,13,12,"Y",17
"FS_FIADB","COND_DWM_CALC","CWD_TL_COND","NUMBER",22,13,10,"Y",18
"FS_FIADB","COND_DWM_CALC","CWD_TL_UNADJ","NUMBER",22,13,10,"Y",19
"FS_FIADB","COND_DWM_CALC","CWD_TL_ADJ","NUMBER",22,13,10,"Y",20
"FS_FIADB","COND_DWM_CALC","CWD_LPA_COND","NUMBER",22,NA,NA,"Y",21
"FS_FIADB","COND_DWM_CALC","CWD_LPA_UNADJ","NUMBER",22,NA,NA,"Y",22
"FS_FIADB","COND_DWM_CALC","CWD_LPA_ADJ","NUMBER",22,NA,NA,"Y",23
"FS_FIADB","COND_DWM_CALC","CWD_VOLCF_COND","NUMBER",22,NA,NA,"Y",24
"FS_FIADB","COND_DWM_CALC","CWD_VOLCF_UNADJ","NUMBER",22,NA,NA,"Y",25
"FS_FIADB","COND_DWM_CALC","CWD_VOLCF_ADJ","NUMBER",22,NA,NA,"Y",26
"FS_FIADB","COND_DWM_CALC","CWD_DRYBIO_COND","NUMBER",22,NA,NA,"Y",27
"FS_FIADB","COND_DWM_CALC","CWD_DRYBIO_UNADJ","NUMBER",22,NA,NA,"Y",28
"FS_FIADB","COND_DWM_CALC","CWD_DRYBIO_ADJ","NUMBER",22,NA,NA,"Y",29
"FS_FIADB","COND_DWM_CALC","CWD_CARBON_COND","NUMBER",22,NA,NA,"Y",30
"FS_FIADB","COND_DWM_CALC","CWD_CARBON_UNADJ","NUMBER",22,NA,NA,"Y",31
"FS_FIADB","COND_DWM_CALC","CWD_CARBON_ADJ","NUMBER",22,NA,NA,"Y",32
"FS_FIADB","COND_DWM_CALC","FWD_SM_TL_COND","NUMBER",22,13,10,"Y",33
"FS_FIADB","COND_DWM_CALC","FWD_SM_TL_UNADJ","NUMBER",22,13,10,"Y",34
"FS_FIADB","COND_DWM_CALC","FWD_SM_TL_ADJ","NUMBER",22,13,10,"Y",35
"FS_FIADB","COND_DWM_CALC","FWD_SM_CNT_COND","NUMBER",22,NA,NA,"Y",36
"FS_FIADB","COND_DWM_CALC","FWD_SM_VOLCF_COND","NUMBER",22,NA,NA,"Y",37
"FS_FIADB","COND_DWM_CALC","FWD_SM_VOLCF_UNADJ","NUMBER",22,NA,NA,"Y",38
"FS_FIADB","COND_DWM_CALC","FWD_SM_VOLCF_ADJ","NUMBER",22,NA,NA,"Y",39
"FS_FIADB","COND_DWM_CALC","FWD_SM_DRYBIO_COND","NUMBER",22,NA,NA,"Y",40
"FS_FIADB","COND_DWM_CALC","FWD_SM_DRYBIO_UNADJ","NUMBER",22,NA,NA,"Y",41
"FS_FIADB","COND_DWM_CALC","FWD_SM_DRYBIO_ADJ","NUMBER",22,NA,NA,"Y",42
"FS_FIADB","COND_DWM_CALC","FWD_SM_CARBON_COND","NUMBER",22,NA,NA,"Y",43
"FS_FIADB","COND_DWM_CALC","FWD_SM_CARBON_UNADJ","NUMBER",22,NA,NA,"Y",44
"FS_FIADB","COND_DWM_CALC","FWD_SM_CARBON_ADJ","NUMBER",22,NA,NA,"Y",45
"FS_FIADB","COND_DWM_CALC","FWD_MD_TL_COND","NUMBER",22,13,10,"Y",46
"FS_FIADB","COND_DWM_CALC","FWD_MD_TL_UNADJ","NUMBER",22,13,10,"Y",47
"FS_FIADB","COND_DWM_CALC","FWD_MD_TL_ADJ","NUMBER",22,13,10,"Y",48
"FS_FIADB","COND_DWM_CALC","FWD_MD_CNT_COND","NUMBER",22,NA,NA,"Y",49
"FS_FIADB","COND_DWM_CALC","FWD_MD_VOLCF_COND","NUMBER",22,NA,NA,"Y",50
"FS_FIADB","COND_DWM_CALC","FWD_MD_VOLCF_UNADJ","NUMBER",22,NA,NA,"Y",51
"FS_FIADB","COND_DWM_CALC","FWD_MD_VOLCF_ADJ","NUMBER",22,NA,NA,"Y",52
"FS_FIADB","COND_DWM_CALC","FWD_MD_DRYBIO_COND","NUMBER",22,NA,NA,"Y",53
"FS_FIADB","COND_DWM_CALC","FWD_MD_DRYBIO_UNADJ","NUMBER",22,NA,NA,"Y",54
"FS_FIADB","COND_DWM_CALC","FWD_MD_DRYBIO_ADJ","NUMBER",22,NA,NA,"Y",55
"FS_FIADB","COND_DWM_CALC","FWD_MD_CARBON_COND","NUMBER",22,NA,NA,"Y",56
"FS_FIADB","COND_DWM_CALC","FWD_MD_CARBON_UNADJ","NUMBER",22,NA,NA,"Y",57
"FS_FIADB","COND_DWM_CALC","FWD_MD_CARBON_ADJ","NUMBER",22,NA,NA,"Y",58
"FS_FIADB","COND_DWM_CALC","FWD_LG_TL_COND","NUMBER",22,13,10,"Y",59
"FS_FIADB","COND_DWM_CALC","FWD_LG_TL_UNADJ","NUMBER",22,13,10,"Y",60
"FS_FIADB","COND_DWM_CALC","FWD_LG_TL_ADJ","NUMBER",22,13,10,"Y",61
"FS_FIADB","COND_DWM_CALC","FWD_LG_CNT_COND","NUMBER",22,NA,NA,"Y",62
"FS_FIADB","COND_DWM_CALC","FWD_LG_VOLCF_COND","NUMBER",22,NA,NA,"Y",63
"FS_FIADB","COND_DWM_CALC","FWD_LG_VOLCF_UNADJ","NUMBER",22,NA,NA,"Y",64
"FS_FIADB","COND_DWM_CALC","FWD_LG_VOLCF_ADJ","NUMBER",22,NA,NA,"Y",65
"FS_FIADB","COND_DWM_CALC","FWD_LG_DRYBIO_COND","NUMBER",22,NA,NA,"Y",66
"FS_FIADB","COND_DWM_CALC","FWD_LG_DRYBIO_UNADJ","NUMBER",22,NA,NA,"Y",67
"FS_FIADB","COND_DWM_CALC","FWD_LG_DRYBIO_ADJ","NUMBER",22,NA,NA,"Y",68
"FS_FIADB","COND_DWM_CALC","FWD_LG_CARBON_COND","NUMBER",22,NA,NA,"Y",69
"FS_FIADB","COND_DWM_CALC","FWD_LG_CARBON_UNADJ","NUMBER",22,NA,NA,"Y",70
"FS_FIADB","COND_DWM_CALC","FWD_LG_CARBON_ADJ","NUMBER",22,NA,NA,"Y",71
"FS_FIADB","COND_DWM_CALC","PILE_SAMPLE_AREA_COND","NUMBER",22,13,12,"Y",72
"FS_FIADB","COND_DWM_CALC","PILE_SAMPLE_AREA_UNADJ","NUMBER",22,13,12,"Y",73
"FS_FIADB","COND_DWM_CALC","PILE_SAMPLE_AREA_ADJ","NUMBER",22,13,12,"Y",74
"FS_FIADB","COND_DWM_CALC","PILE_VOLCF_COND","NUMBER",22,NA,NA,"Y",75
"FS_FIADB","COND_DWM_CALC","PILE_VOLCF_UNADJ","NUMBER",22,NA,NA,"Y",76
"FS_FIADB","COND_DWM_CALC","PILE_VOLCF_ADJ","NUMBER",22,NA,NA,"Y",77
"FS_FIADB","COND_DWM_CALC","PILE_DRYBIO_COND","NUMBER",22,NA,NA,"Y",78
"FS_FIADB","COND_DWM_CALC","PILE_DRYBIO_UNADJ","NUMBER",22,NA,NA,"Y",79
"FS_FIADB","COND_DWM_CALC","PILE_DRYBIO_ADJ","NUMBER",22,NA,NA,"Y",80
"FS_FIADB","COND_DWM_CALC","PILE_CARBON_COND","NUMBER",22,NA,NA,"Y",81
"FS_FIADB","COND_DWM_CALC","PILE_CARBON_UNADJ","NUMBER",22,NA,NA,"Y",82
"FS_FIADB","COND_DWM_CALC","PILE_CARBON_ADJ","NUMBER",22,NA,NA,"Y",83
"FS_FIADB","COND_DWM_CALC","FUEL_DEPTH","NUMBER",22,NA,NA,"Y",84
"FS_FIADB","COND_DWM_CALC","FUEL_BIOMASS","NUMBER",22,NA,NA,"Y",85
"FS_FIADB","COND_DWM_CALC","FUEL_CARBON","NUMBER",22,NA,NA,"Y",86
"FS_FIADB","COND_DWM_CALC","DUFF_DEPTH","NUMBER",22,NA,NA,"Y",87
"FS_FIADB","COND_DWM_CALC","DUFF_BIOMASS","NUMBER",22,NA,NA,"Y",88
"FS_FIADB","COND_DWM_CALC","DUFF_CARBON","NUMBER",22,NA,NA,"Y",89
"FS_FIADB","COND_DWM_CALC","LITTER_DEPTH","NUMBER",22,NA,NA,"Y",90
"FS_FIADB","COND_DWM_CALC","LITTER_BIOMASS","NUMBER",22,NA,NA,"Y",91
"FS_FIADB","COND_DWM_CALC","LITTER_CARBON","NUMBER",22,NA,NA,"Y",92
"FS_FIADB","COND_DWM_CALC","DUFF_TC_COND","NUMBER",22,14,12,"Y",93
"FS_FIADB","COND_DWM_CALC","DUFF_TC_UNADJ","NUMBER",22,14,12,"Y",94
"FS_FIADB","COND_DWM_CALC","DUFF_TC_ADJ","NUMBER",22,14,12,"Y",95
"FS_FIADB","COND_DWM_CALC","AVG_WOOD_DENSITY","NUMBER",22,12,10,"Y",96
"FS_FIADB","COND_DWM_CALC","CREATED_BY","VARCHAR2",30,NA,NA,"N",97
"FS_FIADB","COND_DWM_CALC","CREATED_DATE","DATE",7,NA,NA,"N",98
"FS_FIADB","COND_DWM_CALC","CREATED_IN_INSTANCE","VARCHAR2",6,NA,NA,"N",99
"FS_FIADB","COND_DWM_CALC","MODIFIED_BY","VARCHAR2",30,NA,NA,"Y",100
"FS_FIADB","COND_DWM_CALC","MODIFIED_DATE","DATE",7,NA,NA,"Y",101
"FS_FIADB","COND_DWM_CALC","MODIFIED_IN_INSTANCE","VARCHAR2",6,NA,NA,"Y",102
"FS_FIADB","COND_DWM_CALC","CYCLE","NUMBER",22,2,0,"N",103
"FS_FIADB","COND_DWM_CALC","SUBCYCLE","NUMBER",22,2,0,"N",104
"FS_FIADB","COND_DWM_CALC","UNITCD","NUMBER",22,2,0,"N",105
"FS_FIADB","COND_DWM_CALC","RSCD","NUMBER",22,2,0,"Y",106
"FS_FIADB","COND_DWM_CALC","PILE_TL_COND","NUMBER",22,13,10,"Y",107
"FS_FIADB","COND_DWM_CALC","PILE_TL_UNADJ","NUMBER",22,13,10,"Y",108
"FS_FIADB","COND_DWM_CALC","PILE_TL_ADJ","NUMBER",22,13,10,"Y",109
"FS_FIADB","COND_DWM_CALC","CONDPROP_PILE","NUMBER",22,13,12,"Y",110
"FS_FIADB","COUNTY","STATECD","NUMBER",22,4,0,"N",1
"FS_FIADB","COUNTY","UNITCD","NUMBER",22,2,0,"N",2
"FS_FIADB","COUNTY","COUNTYCD","NUMBER",22,3,0,"N",3
"FS_FIADB","COUNTY","COUNTYNM","VARCHAR2",50,NA,NA,"N",4
"FS_FIADB","COUNTY","CN","VARCHAR2",34,NA,NA,"N",5
"FS_FIADB","COUNTY","CREATED_BY","VARCHAR2",30,NA,NA,"Y",6
"FS_FIADB","COUNTY","CREATED_DATE","DATE",7,NA,NA,"Y",7
"FS_FIADB","COUNTY","CREATED_IN_INSTANCE","VARCHAR2",6,NA,NA,"Y",8
"FS_FIADB","COUNTY","MODIFIED_BY","VARCHAR2",30,NA,NA,"Y",9
"FS_FIADB","COUNTY","MODIFIED_DATE","DATE",7,NA,NA,"Y",10
"FS_FIADB","COUNTY","MODIFIED_IN_INSTANCE","VARCHAR2",6,NA,NA,"Y",11
"FS_FIADB","DATAMART_MOST_RECENT_INV","STATECD","NUMBER",22,2,0,"N",1
"FS_FIADB","DATAMART_MOST_RECENT_INV","EVAL_GRPS","VARCHAR2",32,NA,NA,"N",2
"FS_FIADB","DATAMART_MOST_RECENT_INV","COMMENTS","VARCHAR2",64,NA,NA,"N",3
"FS_FIADB","DATAMART_MOST_RECENT_INV","STATEAB","VARCHAR2",2,NA,NA,"Y",4
"FS_FIADB","DWM_COARSE_WOODY_DEBRIS","CN","VARCHAR2",34,NA,NA,"N",1
"FS_FIADB","DWM_COARSE_WOODY_DEBRIS","PLT_CN","VARCHAR2",34,NA,NA,"N",2
"FS_FIADB","DWM_COARSE_WOODY_DEBRIS","INVYR","NUMBER",22,4,0,"N",3
"FS_FIADB","DWM_COARSE_WOODY_DEBRIS","STATECD","NUMBER",22,4,0,"N",4
"FS_FIADB","DWM_COARSE_WOODY_DEBRIS","COUNTYCD","NUMBER",22,3,0,"N",5
"FS_FIADB","DWM_COARSE_WOODY_DEBRIS","PLOT","NUMBER",22,5,0,"N",6
"FS_FIADB","DWM_COARSE_WOODY_DEBRIS","SUBP","NUMBER",22,1,0,"N",7
"FS_FIADB","DWM_COARSE_WOODY_DEBRIS","TRANSECT","NUMBER",22,3,0,"N",8
"FS_FIADB","DWM_COARSE_WOODY_DEBRIS","CWDID","NUMBER",22,NA,NA,"N",9
"FS_FIADB","DWM_COARSE_WOODY_DEBRIS","MEASYEAR","NUMBER",22,4,0,"Y",10
"FS_FIADB","DWM_COARSE_WOODY_DEBRIS","CONDID","NUMBER",22,1,0,"Y",11
"FS_FIADB","DWM_COARSE_WOODY_DEBRIS","SLOPDIST","NUMBER",22,NA,NA,"Y",12
"FS_FIADB","DWM_COARSE_WOODY_DEBRIS","HORIZ_DIST","NUMBER",22,NA,NA,"Y",13
"FS_FIADB","DWM_COARSE_WOODY_DEBRIS","SPCD","NUMBER",22,NA,NA,"Y",14
"FS_FIADB","DWM_COARSE_WOODY_DEBRIS","DECAYCD","NUMBER",22,1,0,"Y",15
"FS_FIADB","DWM_COARSE_WOODY_DEBRIS","TRANSDIA","NUMBER",22,3,0,"Y",16
"FS_FIADB","DWM_COARSE_WOODY_DEBRIS","SMALLDIA","NUMBER",22,3,0,"Y",17
"FS_FIADB","DWM_COARSE_WOODY_DEBRIS","LARGEDIA","NUMBER",22,3,0,"Y",18
"FS_FIADB","DWM_COARSE_WOODY_DEBRIS","LENGTH","NUMBER",22,3,0,"Y",19
"FS_FIADB","DWM_COARSE_WOODY_DEBRIS","HOLLOWCD","VARCHAR2",1,NA,NA,"Y",20
"FS_FIADB","DWM_COARSE_WOODY_DEBRIS","CWDHSTCD","NUMBER",22,1,0,"Y",21
"FS_FIADB","DWM_COARSE_WOODY_DEBRIS","VOLCF","NUMBER",22,NA,NA,"Y",22
"FS_FIADB","DWM_COARSE_WOODY_DEBRIS","DRYBIO","NUMBER",22,NA,NA,"Y",23
"FS_FIADB","DWM_COARSE_WOODY_DEBRIS","CARBON","NUMBER",22,NA,NA,"Y",24
"FS_FIADB","DWM_COARSE_WOODY_DEBRIS","COVER_PCT","NUMBER",22,NA,NA,"Y",25
"FS_FIADB","DWM_COARSE_WOODY_DEBRIS","LPA_UNADJ","NUMBER",22,NA,NA,"Y",26
"FS_FIADB","DWM_COARSE_WOODY_DEBRIS","LPA_PLOT","NUMBER",22,NA,NA,"Y",27
"FS_FIADB","DWM_COARSE_WOODY_DEBRIS","LPA_COND","NUMBER",22,NA,NA,"Y",28
"FS_FIADB","DWM_COARSE_WOODY_DEBRIS","LPA_UNADJ_RGN","NUMBER",22,NA,NA,"Y",29
"FS_FIADB","DWM_COARSE_WOODY_DEBRIS","LPA_PLOT_RGN","NUMBER",22,NA,NA,"Y",30
"FS_FIADB","DWM_COARSE_WOODY_DEBRIS","LPA_COND_RGN","NUMBER",22,NA,NA,"Y",31
"FS_FIADB","DWM_COARSE_WOODY_DEBRIS","COVER_PCT_RGN","NUMBER",22,NA,NA,"Y",32
"FS_FIADB","DWM_COARSE_WOODY_DEBRIS","CHARRED_CD","NUMBER",22,1,0,"Y",33
"FS_FIADB","DWM_COARSE_WOODY_DEBRIS","ORNTCD_PNWRS","VARCHAR2",1,NA,NA,"Y",34
"FS_FIADB","DWM_COARSE_WOODY_DEBRIS","CREATED_BY","VARCHAR2",30,NA,NA,"Y",35
"FS_FIADB","DWM_COARSE_WOODY_DEBRIS","CREATED_DATE","DATE",7,NA,NA,"Y",36
"FS_FIADB","DWM_COARSE_WOODY_DEBRIS","CREATED_IN_INSTANCE","VARCHAR2",6,NA,NA,"Y",37
"FS_FIADB","DWM_COARSE_WOODY_DEBRIS","MODIFIED_BY","VARCHAR2",30,NA,NA,"Y",38
"FS_FIADB","DWM_COARSE_WOODY_DEBRIS","MODIFIED_DATE","DATE",7,NA,NA,"Y",39
"FS_FIADB","DWM_COARSE_WOODY_DEBRIS","MODIFIED_IN_INSTANCE","VARCHAR2",6,NA,NA,"Y",40
"FS_FIADB","DWM_COARSE_WOODY_DEBRIS","CWD_SAMPLE_METHOD","VARCHAR2",6,NA,NA,"Y",41
"FS_FIADB","DWM_COARSE_WOODY_DEBRIS","HOLLOW_DIA","NUMBER",22,3,0,"Y",42
"FS_FIADB","DWM_COARSE_WOODY_DEBRIS","HORIZ_DIST_CD","NUMBER",22,1,0,"Y",43
"FS_FIADB","DWM_COARSE_WOODY_DEBRIS","INCLINATION","NUMBER",22,2,0,"Y",44
"FS_FIADB","DWM_COARSE_WOODY_DEBRIS","LARGE_END_DIA_CLASS","NUMBER",22,1,0,"Y",45
"FS_FIADB","DWM_COARSE_WOODY_DEBRIS","LENGTH_CD","NUMBER",22,1,0,"Y",46
"FS_FIADB","DWM_COARSE_WOODY_DEBRIS","VOLCF_AC_UNADJ","NUMBER",22,NA,NA,"Y",47
"FS_FIADB","DWM_COARSE_WOODY_DEBRIS","VOLCF_AC_PLOT","NUMBER",22,NA,NA,"Y",48
"FS_FIADB","DWM_COARSE_WOODY_DEBRIS","VOLCF_AC_COND","NUMBER",22,NA,NA,"Y",49
"FS_FIADB","DWM_COARSE_WOODY_DEBRIS","DRYBIO_AC_UNADJ","NUMBER",22,NA,NA,"Y",50
"FS_FIADB","DWM_COARSE_WOODY_DEBRIS","DRYBIO_AC_PLOT","NUMBER",22,NA,NA,"Y",51
"FS_FIADB","DWM_COARSE_WOODY_DEBRIS","DRYBIO_AC_COND","NUMBER",22,NA,NA,"Y",52
"FS_FIADB","DWM_COARSE_WOODY_DEBRIS","CARBON_AC_UNADJ","NUMBER",22,NA,NA,"Y",53
"FS_FIADB","DWM_COARSE_WOODY_DEBRIS","CARBON_AC_PLOT","NUMBER",22,NA,NA,"Y",54
"FS_FIADB","DWM_COARSE_WOODY_DEBRIS","CARBON_AC_COND","NUMBER",22,NA,NA,"Y",55
"FS_FIADB","DWM_DUFF_LITTER_FUEL","CN","VARCHAR2",34,NA,NA,"N",1
"FS_FIADB","DWM_DUFF_LITTER_FUEL","PLT_CN","VARCHAR2",34,NA,NA,"N",2
"FS_FIADB","DWM_DUFF_LITTER_FUEL","INVYR","NUMBER",22,4,0,"N",3
"FS_FIADB","DWM_DUFF_LITTER_FUEL","STATECD","NUMBER",22,4,0,"N",4
"FS_FIADB","DWM_DUFF_LITTER_FUEL","COUNTYCD","NUMBER",22,3,0,"N",5
"FS_FIADB","DWM_DUFF_LITTER_FUEL","PLOT","NUMBER",22,5,0,"N",6
"FS_FIADB","DWM_DUFF_LITTER_FUEL","TRANSECT","NUMBER",22,3,0,"N",7
"FS_FIADB","DWM_DUFF_LITTER_FUEL","SUBP","NUMBER",22,1,0,"N",8
"FS_FIADB","DWM_DUFF_LITTER_FUEL","SMPLOCCD","NUMBER",22,1,0,"N",9
"FS_FIADB","DWM_DUFF_LITTER_FUEL","MEASYEAR","NUMBER",22,4,0,"Y",10
"FS_FIADB","DWM_DUFF_LITTER_FUEL","CONDID","NUMBER",22,1,0,"Y",11
"FS_FIADB","DWM_DUFF_LITTER_FUEL","DUFFDEP","NUMBER",22,NA,NA,"Y",12
"FS_FIADB","DWM_DUFF_LITTER_FUEL","LITTDEP","NUMBER",22,NA,NA,"Y",13
"FS_FIADB","DWM_DUFF_LITTER_FUEL","FUELDEP","NUMBER",22,NA,NA,"Y",14
"FS_FIADB","DWM_DUFF_LITTER_FUEL","CREATED_BY","VARCHAR2",30,NA,NA,"Y",15
"FS_FIADB","DWM_DUFF_LITTER_FUEL","CREATED_DATE","DATE",7,NA,NA,"Y",16
"FS_FIADB","DWM_DUFF_LITTER_FUEL","CREATED_IN_INSTANCE","VARCHAR2",6,NA,NA,"Y",17
"FS_FIADB","DWM_DUFF_LITTER_FUEL","MODIFIED_BY","VARCHAR2",30,NA,NA,"Y",18
"FS_FIADB","DWM_DUFF_LITTER_FUEL","MODIFIED_DATE","DATE",7,NA,NA,"Y",19
"FS_FIADB","DWM_DUFF_LITTER_FUEL","MODIFIED_IN_INSTANCE","VARCHAR2",6,NA,NA,"Y",20
"FS_FIADB","DWM_DUFF_LITTER_FUEL","DLF_SAMPLE_METHOD","VARCHAR2",6,NA,NA,"Y",21
"FS_FIADB","DWM_DUFF_LITTER_FUEL","DUFF_METHOD","NUMBER",22,1,0,"Y",22
"FS_FIADB","DWM_DUFF_LITTER_FUEL","DUFF_NONSAMPLE_REASN_CD","NUMBER",22,2,0,"Y",23
"FS_FIADB","DWM_DUFF_LITTER_FUEL","LITTER_METHOD","NUMBER",22,1,0,"Y",24
"FS_FIADB","DWM_DUFF_LITTER_FUEL","LITTER_NONSAMPLE_REASN_CD","NUMBER",22,2,0,"Y",25
"FS_FIADB","DWM_DUFF_LITTER_FUEL","FUELBED_METHOD","NUMBER",22,1,0,"Y",26
"FS_FIADB","DWM_DUFF_LITTER_FUEL","FUELBED_NONSAMPLE_REASN_CD","NUMBER",22,2,0,"Y",27
"FS_FIADB","DWM_DUFF_LITTER_FUEL","DL_STATUS_CD","NUMBER",22,1,0,"Y",28
"FS_FIADB","DWM_FINE_WOODY_DEBRIS","CN","VARCHAR2",34,NA,NA,"N",1
"FS_FIADB","DWM_FINE_WOODY_DEBRIS","PLT_CN","VARCHAR2",34,NA,NA,"N",2
"FS_FIADB","DWM_FINE_WOODY_DEBRIS","INVYR","NUMBER",22,4,0,"N",3
"FS_FIADB","DWM_FINE_WOODY_DEBRIS","STATECD","NUMBER",22,4,0,"N",4
"FS_FIADB","DWM_FINE_WOODY_DEBRIS","COUNTYCD","NUMBER",22,3,0,"N",5
"FS_FIADB","DWM_FINE_WOODY_DEBRIS","PLOT","NUMBER",22,5,0,"N",6
"FS_FIADB","DWM_FINE_WOODY_DEBRIS","TRANSECT","NUMBER",22,3,0,"N",7
"FS_FIADB","DWM_FINE_WOODY_DEBRIS","SUBP","NUMBER",22,1,0,"N",8
"FS_FIADB","DWM_FINE_WOODY_DEBRIS","CONDID","NUMBER",22,1,0,"N",9
"FS_FIADB","DWM_FINE_WOODY_DEBRIS","MEASYEAR","NUMBER",22,4,0,"Y",10
"FS_FIADB","DWM_FINE_WOODY_DEBRIS","SMALLCT","NUMBER",22,3,0,"Y",11
"FS_FIADB","DWM_FINE_WOODY_DEBRIS","MEDIUMCT","NUMBER",22,3,0,"Y",12
"FS_FIADB","DWM_FINE_WOODY_DEBRIS","LARGECT","NUMBER",22,3,0,"Y",13
"FS_FIADB","DWM_FINE_WOODY_DEBRIS","RSNCTCD","NUMBER",22,1,0,"Y",14
"FS_FIADB","DWM_FINE_WOODY_DEBRIS","PILESCD","NUMBER",22,1,0,"Y",15
"FS_FIADB","DWM_FINE_WOODY_DEBRIS","SMALL_TL_COND","NUMBER",22,NA,NA,"Y",16
"FS_FIADB","DWM_FINE_WOODY_DEBRIS","SMALL_TL_PLOT","NUMBER",22,NA,NA,"Y",17
"FS_FIADB","DWM_FINE_WOODY_DEBRIS","SMALL_TL_UNADJ","NUMBER",22,NA,NA,"Y",18
"FS_FIADB","DWM_FINE_WOODY_DEBRIS","MEDIUM_TL_COND","NUMBER",22,NA,NA,"Y",19
"FS_FIADB","DWM_FINE_WOODY_DEBRIS","MEDIUM_TL_PLOT","NUMBER",22,NA,NA,"Y",20
"FS_FIADB","DWM_FINE_WOODY_DEBRIS","MEDIUM_TL_UNADJ","NUMBER",22,NA,NA,"Y",21
"FS_FIADB","DWM_FINE_WOODY_DEBRIS","LARGE_TL_COND","NUMBER",22,NA,NA,"Y",22
"FS_FIADB","DWM_FINE_WOODY_DEBRIS","LARGE_TL_PLOT","NUMBER",22,NA,NA,"Y",23
"FS_FIADB","DWM_FINE_WOODY_DEBRIS","LARGE_TL_UNADJ","NUMBER",22,NA,NA,"Y",24
"FS_FIADB","DWM_FINE_WOODY_DEBRIS","CREATED_BY","VARCHAR2",30,NA,NA,"Y",25
"FS_FIADB","DWM_FINE_WOODY_DEBRIS","CREATED_DATE","DATE",7,NA,NA,"Y",26
"FS_FIADB","DWM_FINE_WOODY_DEBRIS","CREATED_IN_INSTANCE","VARCHAR2",6,NA,NA,"Y",27
"FS_FIADB","DWM_FINE_WOODY_DEBRIS","MODIFIED_BY","VARCHAR2",30,NA,NA,"Y",28
"FS_FIADB","DWM_FINE_WOODY_DEBRIS","MODIFIED_DATE","DATE",7,NA,NA,"Y",29
"FS_FIADB","DWM_FINE_WOODY_DEBRIS","MODIFIED_IN_INSTANCE","VARCHAR2",6,NA,NA,"Y",30
"FS_FIADB","DWM_FINE_WOODY_DEBRIS","FWD_STATUS_CD","NUMBER",22,1,0,"Y",31
"FS_FIADB","DWM_FINE_WOODY_DEBRIS","FWD_NONSAMPLE_REASN_CD","NUMBER",22,2,0,"Y",32
"FS_FIADB","DWM_FINE_WOODY_DEBRIS","FWD_SAMPLE_METHOD","VARCHAR2",6,NA,NA,"Y",33
"FS_FIADB","DWM_FINE_WOODY_DEBRIS","SLOPE","NUMBER",22,3,0,"Y",34
"FS_FIADB","DWM_MICROPLOT_FUEL","CN","VARCHAR2",34,NA,NA,"N",1
"FS_FIADB","DWM_MICROPLOT_FUEL","PLT_CN","VARCHAR2",34,NA,NA,"N",2
"FS_FIADB","DWM_MICROPLOT_FUEL","INVYR","NUMBER",22,4,0,"N",3
"FS_FIADB","DWM_MICROPLOT_FUEL","STATECD","NUMBER",22,4,0,"N",4
"FS_FIADB","DWM_MICROPLOT_FUEL","COUNTYCD","NUMBER",22,3,0,"N",5
"FS_FIADB","DWM_MICROPLOT_FUEL","PLOT","NUMBER",22,5,0,"N",6
"FS_FIADB","DWM_MICROPLOT_FUEL","SUBP","NUMBER",22,1,0,"N",7
"FS_FIADB","DWM_MICROPLOT_FUEL","MEASYEAR","NUMBER",22,4,0,"Y",8
"FS_FIADB","DWM_MICROPLOT_FUEL","LVSHRBCD","NUMBER",22,2,0,"Y",9
"FS_FIADB","DWM_MICROPLOT_FUEL","DSHRBCD","NUMBER",22,2,0,"Y",10
"FS_FIADB","DWM_MICROPLOT_FUEL","LVHRBCD","NUMBER",22,2,0,"Y",11
"FS_FIADB","DWM_MICROPLOT_FUEL","DHRBCD","NUMBER",22,2,0,"Y",12
"FS_FIADB","DWM_MICROPLOT_FUEL","LITTERCD","NUMBER",22,NA,NA,"Y",13
"FS_FIADB","DWM_MICROPLOT_FUEL","LVSHRBHT","NUMBER",22,NA,NA,"Y",14
"FS_FIADB","DWM_MICROPLOT_FUEL","DSHRBHT","NUMBER",22,NA,NA,"Y",15
"FS_FIADB","DWM_MICROPLOT_FUEL","LVHRBHT","NUMBER",22,NA,NA,"Y",16
"FS_FIADB","DWM_MICROPLOT_FUEL","DHRBHT","NUMBER",22,NA,NA,"Y",17
"FS_FIADB","DWM_MICROPLOT_FUEL","CREATED_BY","VARCHAR2",30,NA,NA,"Y",18
"FS_FIADB","DWM_MICROPLOT_FUEL","CREATED_DATE","DATE",7,NA,NA,"Y",19
"FS_FIADB","DWM_MICROPLOT_FUEL","CREATED_IN_INSTANCE","VARCHAR2",6,NA,NA,"Y",20
"FS_FIADB","DWM_MICROPLOT_FUEL","MODIFIED_BY","VARCHAR2",30,NA,NA,"Y",21
"FS_FIADB","DWM_MICROPLOT_FUEL","MODIFIED_DATE","DATE",7,NA,NA,"Y",22
"FS_FIADB","DWM_MICROPLOT_FUEL","MODIFIED_IN_INSTANCE","VARCHAR2",6,NA,NA,"Y",23
"FS_FIADB","DWM_MICROPLOT_FUEL","MICR_SAMPLE_METHOD","VARCHAR2",6,NA,NA,"Y",24
"FS_FIADB","DWM_RESIDUAL_PILE","CN","VARCHAR2",34,NA,NA,"N",1
"FS_FIADB","DWM_RESIDUAL_PILE","PLT_CN","VARCHAR2",34,NA,NA,"N",2
"FS_FIADB","DWM_RESIDUAL_PILE","INVYR","NUMBER",22,4,0,"N",3
"FS_FIADB","DWM_RESIDUAL_PILE","STATECD","NUMBER",22,4,0,"N",4
"FS_FIADB","DWM_RESIDUAL_PILE","COUNTYCD","NUMBER",22,3,0,"N",5
"FS_FIADB","DWM_RESIDUAL_PILE","PLOT","NUMBER",22,5,0,"N",6
"FS_FIADB","DWM_RESIDUAL_PILE","SUBP","NUMBER",22,1,0,"N",7
"FS_FIADB","DWM_RESIDUAL_PILE","PILE","NUMBER",22,NA,NA,"N",8
"FS_FIADB","DWM_RESIDUAL_PILE","MEASYEAR","NUMBER",22,4,0,"Y",9
"FS_FIADB","DWM_RESIDUAL_PILE","CONDID","NUMBER",22,1,0,"Y",10
"FS_FIADB","DWM_RESIDUAL_PILE","SHAPECD","NUMBER",22,1,0,"Y",11
"FS_FIADB","DWM_RESIDUAL_PILE","AZIMUTH","NUMBER",22,3,0,"Y",12
"FS_FIADB","DWM_RESIDUAL_PILE","DENSITY","NUMBER",22,2,0,"Y",13
"FS_FIADB","DWM_RESIDUAL_PILE","HEIGHT1","NUMBER",22,2,0,"Y",14
"FS_FIADB","DWM_RESIDUAL_PILE","WIDTH1","NUMBER",22,2,0,"Y",15
"FS_FIADB","DWM_RESIDUAL_PILE","LENGTH1","NUMBER",22,2,0,"Y",16
"FS_FIADB","DWM_RESIDUAL_PILE","HEIGHT2","NUMBER",22,2,0,"Y",17
"FS_FIADB","DWM_RESIDUAL_PILE","WIDTH2","NUMBER",22,2,0,"Y",18
"FS_FIADB","DWM_RESIDUAL_PILE","LENGTH2","NUMBER",22,2,0,"Y",19
"FS_FIADB","DWM_RESIDUAL_PILE","VOLCF","NUMBER",22,NA,NA,"Y",20
"FS_FIADB","DWM_RESIDUAL_PILE","DRYBIO","NUMBER",22,NA,NA,"Y",21
"FS_FIADB","DWM_RESIDUAL_PILE","CARBON","NUMBER",22,NA,NA,"Y",22
"FS_FIADB","DWM_RESIDUAL_PILE","PPA_UNADJ","NUMBER",22,NA,NA,"Y",23
"FS_FIADB","DWM_RESIDUAL_PILE","PPA_PLOT","NUMBER",22,NA,NA,"Y",24
"FS_FIADB","DWM_RESIDUAL_PILE","PPA_COND","NUMBER",22,NA,NA,"Y",25
"FS_FIADB","DWM_RESIDUAL_PILE","CREATED_BY","VARCHAR2",30,NA,NA,"Y",26
"FS_FIADB","DWM_RESIDUAL_PILE","CREATED_DATE","DATE",7,NA,NA,"Y",27
"FS_FIADB","DWM_RESIDUAL_PILE","CREATED_IN_INSTANCE","VARCHAR2",6,NA,NA,"Y",28
"FS_FIADB","DWM_RESIDUAL_PILE","MODIFIED_BY","VARCHAR2",30,NA,NA,"Y",29
"FS_FIADB","DWM_RESIDUAL_PILE","MODIFIED_IN_INSTANCE","VARCHAR2",6,NA,NA,"Y",30
"FS_FIADB","DWM_RESIDUAL_PILE","MODIFIED_DATE","DATE",7,NA,NA,"Y",31
"FS_FIADB","DWM_RESIDUAL_PILE","COMP_HT","NUMBER",22,2,0,"Y",32
"FS_FIADB","DWM_RESIDUAL_PILE","DECAYCD","NUMBER",22,1,0,"Y",33
"FS_FIADB","DWM_RESIDUAL_PILE","HORIZ_BEGNDIST","NUMBER",22,3,1,"Y",34
"FS_FIADB","DWM_RESIDUAL_PILE","HORIZ_ENDDIST","NUMBER",22,3,1,"Y",35
"FS_FIADB","DWM_RESIDUAL_PILE","PILE_SAMPLE_METHOD","VARCHAR2",6,NA,NA,"Y",36
"FS_FIADB","DWM_RESIDUAL_PILE","SPCD","NUMBER",22,4,0,"Y",37
"FS_FIADB","DWM_RESIDUAL_PILE","TRANSECT","NUMBER",22,3,0,"Y",38
"FS_FIADB","DWM_TRANSECT_SEGMENT","CN","VARCHAR2",34,NA,NA,"N",1
"FS_FIADB","DWM_TRANSECT_SEGMENT","PLT_CN","VARCHAR2",34,NA,NA,"N",2
"FS_FIADB","DWM_TRANSECT_SEGMENT","INVYR","NUMBER",22,4,0,"N",3
"FS_FIADB","DWM_TRANSECT_SEGMENT","STATECD","NUMBER",22,4,0,"N",4
"FS_FIADB","DWM_TRANSECT_SEGMENT","COUNTYCD","NUMBER",22,3,0,"N",5
"FS_FIADB","DWM_TRANSECT_SEGMENT","PLOT","NUMBER",22,5,0,"N",6
"FS_FIADB","DWM_TRANSECT_SEGMENT","SUBP","NUMBER",22,1,0,"N",7
"FS_FIADB","DWM_TRANSECT_SEGMENT","TRANSECT","NUMBER",22,3,0,"N",8
"FS_FIADB","DWM_TRANSECT_SEGMENT","SEGMNT","NUMBER",22,1,0,"N",9
"FS_FIADB","DWM_TRANSECT_SEGMENT","MEASYEAR","NUMBER",22,4,0,"Y",10
"FS_FIADB","DWM_TRANSECT_SEGMENT","CONDID","NUMBER",22,1,0,"Y",11
"FS_FIADB","DWM_TRANSECT_SEGMENT","SLOPE_BEGNDIST","NUMBER",22,NA,NA,"Y",12
"FS_FIADB","DWM_TRANSECT_SEGMENT","SLOPE_ENDDIST","NUMBER",22,NA,NA,"Y",13
"FS_FIADB","DWM_TRANSECT_SEGMENT","SLOPE","NUMBER",22,3,0,"Y",14
"FS_FIADB","DWM_TRANSECT_SEGMENT","HORIZ_LENGTH","NUMBER",22,NA,NA,"Y",15
"FS_FIADB","DWM_TRANSECT_SEGMENT","HORIZ_BEGNDIST","NUMBER",22,NA,NA,"Y",16
"FS_FIADB","DWM_TRANSECT_SEGMENT","HORIZ_ENDDIST","NUMBER",22,NA,NA,"Y",17
"FS_FIADB","DWM_TRANSECT_SEGMENT","CREATED_BY","VARCHAR2",30,NA,NA,"Y",18
"FS_FIADB","DWM_TRANSECT_SEGMENT","CREATED_DATE","DATE",7,NA,NA,"Y",19
"FS_FIADB","DWM_TRANSECT_SEGMENT","CREATED_IN_INSTANCE","VARCHAR2",6,NA,NA,"Y",20
"FS_FIADB","DWM_TRANSECT_SEGMENT","MODIFIED_BY","VARCHAR2",30,NA,NA,"Y",21
"FS_FIADB","DWM_TRANSECT_SEGMENT","MODIFIED_IN_INSTANCE","VARCHAR2",6,NA,NA,"Y",22
"FS_FIADB","DWM_TRANSECT_SEGMENT","MODIFIED_DATE","DATE",7,NA,NA,"Y",23
"FS_FIADB","DWM_TRANSECT_SEGMENT","SEGMNT_STATUS_CD","NUMBER",22,1,0,"Y",24
"FS_FIADB","DWM_TRANSECT_SEGMENT","SEGMNT_NONSAMPLE_REASN_CD","NUMBER",22,2,0,"Y",25
"FS_FIADB","DWM_TRANSECT_SEGMENT","TRANSECT_LENGTH","NUMBER",22,4,1,"Y",26
"FS_FIADB","DWM_VISIT","CN","VARCHAR2",34,NA,NA,"N",1
"FS_FIADB","DWM_VISIT","PLT_CN","VARCHAR2",34,NA,NA,"N",2
"FS_FIADB","DWM_VISIT","INVYR","NUMBER",22,4,0,"N",3
"FS_FIADB","DWM_VISIT","STATECD","NUMBER",22,4,0,"N",4
"FS_FIADB","DWM_VISIT","COUNTYCD","NUMBER",22,3,0,"N",5
"FS_FIADB","DWM_VISIT","PLOT","NUMBER",22,5,0,"N",6
"FS_FIADB","DWM_VISIT","MEASDAY","NUMBER",22,2,0,"Y",7
"FS_FIADB","DWM_VISIT","MEASMON","NUMBER",22,2,0,"Y",8
"FS_FIADB","DWM_VISIT","MEASYEAR","NUMBER",22,4,0,"Y",9
"FS_FIADB","DWM_VISIT","QASTATCD","NUMBER",22,1,0,"Y",10
"FS_FIADB","DWM_VISIT","CRWTYPCD","NUMBER",22,1,0,"Y",11
"FS_FIADB","DWM_VISIT","SMPKNDCD","NUMBER",22,2,0,"Y",12
"FS_FIADB","DWM_VISIT","CREATED_BY","VARCHAR2",30,NA,NA,"Y",13
"FS_FIADB","DWM_VISIT","CREATED_DATE","DATE",7,NA,NA,"Y",14
"FS_FIADB","DWM_VISIT","CREATED_IN_INSTANCE","VARCHAR2",6,NA,NA,"Y",15
"FS_FIADB","DWM_VISIT","MODIFIED_BY","VARCHAR2",30,NA,NA,"Y",16
"FS_FIADB","DWM_VISIT","MODIFIED_DATE","DATE",7,NA,NA,"Y",17
"FS_FIADB","DWM_VISIT","MODIFIED_IN_INSTANCE","VARCHAR2",6,NA,NA,"Y",18
"FS_FIADB","DWM_VISIT","CWD_SAMPLE_METHOD","VARCHAR2",6,NA,NA,"Y",19
"FS_FIADB","DWM_VISIT","FWD_SAMPLE_METHOD","VARCHAR2",6,NA,NA,"Y",20
"FS_FIADB","DWM_VISIT","MICR_SAMPLE_METHOD","VARCHAR2",6,NA,NA,"Y",21
"FS_FIADB","DWM_VISIT","DLF_SAMPLE_METHOD","VARCHAR2",6,NA,NA,"Y",22
"FS_FIADB","DWM_VISIT","PILE_SAMPLE_METHOD","VARCHAR2",6,NA,NA,"Y",23
"FS_FIADB","DWM_VISIT","DWM_SAMPLING_STATUS_CD","NUMBER",22,1,0,"Y",24
"FS_FIADB","DWM_VISIT","DWM_NBR_SUBP","NUMBER",22,1,0,"Y",25
"FS_FIADB","DWM_VISIT","DWM_NBR_SUBP_TRANSECT","NUMBER",22,1,0,"Y",26
"FS_FIADB","DWM_VISIT","DWM_SUBPLIST","NUMBER",22,4,0,"Y",27
"FS_FIADB","DWM_VISIT","DWM_TRANSECT_LENGTH","NUMBER",22,4,1,"Y",28
"FS_FIADB","DWM_VISIT","QA_STATUS","NUMBER",22,1,0,"Y",29
"FS_FIADB","EVALIDATOR_LOG","SESSION_ID","VARCHAR2",50,NA,NA,"Y",1
"FS_FIADB","EVALIDATOR_LOG","SESSION_DATE","DATE",7,NA,NA,"Y",2
"FS_FIADB","EVALIDATOR_LOG","RETRIEVAL_TYPE","VARCHAR2",12,NA,NA,"Y",3
"FS_FIADB","EVALIDATOR_LOG","LATITUDE","NUMBER",22,NA,NA,"Y",4
"FS_FIADB","EVALIDATOR_LOG","LONGITUDE","NUMBER",22,NA,NA,"Y",5
"FS_FIADB","EVALIDATOR_LOG","RADIUS","NUMBER",22,NA,NA,"Y",6
"FS_FIADB","EVALIDATOR_LOG","GEOGRAPHIC_AREA","VARCHAR2",2000,NA,NA,"Y",7
"FS_FIADB","EVALIDATOR_LOG","ATTRIBUTE","VARCHAR2",200,NA,NA,"Y",8
"FS_FIADB","EVALIDATOR_LOG","FILTER","VARCHAR2",2000,NA,NA,"Y",9
"FS_FIADB","EVALIDATOR_LOG","PAGE_NAME","VARCHAR2",200,NA,NA,"Y",10
"FS_FIADB","EVALIDATOR_LOG","ROW_NAME","VARCHAR2",200,NA,NA,"Y",11
"FS_FIADB","EVALIDATOR_LOG","COLUMN_NAME","VARCHAR2",200,NA,NA,"Y",12
"FS_FIADB","EVALIDATOR_LOG","MAPPED","VARCHAR2",1,NA,NA,"Y",13
"FS_FIADB","EVALIDATOR_LOG","REMOTE_ADDRESS","VARCHAR2",15,NA,NA,"Y",14
"FS_FIADB","EVALIDATOR_LOG","CALC_SE","VARCHAR2",50,NA,NA,"Y",15
"FS_FIADB","EVALIDATOR_LOG","PAGE_TIME","VARCHAR2",200,NA,NA,"Y",16
"FS_FIADB","EVALIDATOR_LOG","ROW_TIME","VARCHAR2",200,NA,NA,"Y",17
"FS_FIADB","EVALIDATOR_LOG","COL_TIME","VARCHAR2",200,NA,NA,"Y",18
"FS_FIADB","EVALIDATOR_VARIABLE_LIBRARY","DB_VAR","VARCHAR2",32,NA,NA,"Y",1
"FS_FIADB","EVALIDATOR_VARIABLE_LIBRARY","LABEL_VAR","VARCHAR2",48,NA,NA,"N",2
"FS_FIADB","EVALIDATOR_VARIABLE_LIBRARY","TYPE_VAR","NUMBER",22,NA,NA,"Y",3
"FS_FIADB","EVALIDATOR_VARIABLE_LIBRARY","TYPE_VAR_NAME","CHAR",14,NA,NA,"Y",4
"FS_FIADB","EVALIDATOR_VARIABLE_LIBRARY","ATTRIBUTE_LIST","CHAR",1,NA,NA,"Y",5
"FS_FIADB","EVALIDATOR_VARIABLE_LIBRARY","PAGE_LIST","CHAR",1,NA,NA,"Y",6
"FS_FIADB","EVALIDATOR_VARIABLE_LIBRARY","ROW_LIST","CHAR",1,NA,NA,"Y",7
"FS_FIADB","EVALIDATOR_VARIABLE_LIBRARY","COL_LIST","CHAR",1,NA,NA,"Y",8
"FS_FIADB","EVALIDATOR_VARIABLE_LIBRARY","MAX_COLS","NUMBER",22,NA,NA,"Y",9
"FS_FIADB","EVALIDATOR_VARIABLE_LIBRARY","DECODE_STATEMENT","VARCHAR2",4000,NA,NA,"Y",10
"FS_FIADB","EVALIDATOR_VARIABLE_LIBRARY","FUNCTION_NAME","VARCHAR2",4000,NA,NA,"Y",11
"FS_FIADB","EVALIDATOR_VARIABLE_LIBRARY","PRC_METADATA","VARCHAR2",4000,NA,NA,"Y",12
"FS_FIADB","EVALIDATOR_VARIABLE_LIBRARY","CREATED_BY","VARCHAR2",30,NA,NA,"Y",13
"FS_FIADB","EVALIDATOR_VARIABLE_LIBRARY","CREATED_DATE","DATE",7,NA,NA,"Y",14
"FS_FIADB","EVALIDATOR_VARIABLE_LIBRARY","CREATED_IN_INSTANCE","VARCHAR2",6,NA,NA,"Y",15
"FS_FIADB","EVALIDATOR_VARIABLE_LIBRARY","MODIFIED_BY","VARCHAR2",30,NA,NA,"Y",16
"FS_FIADB","EVALIDATOR_VARIABLE_LIBRARY","MODIFIED_DATE","DATE",7,NA,NA,"Y",17
"FS_FIADB","EVALIDATOR_VARIABLE_LIBRARY","MODIFIED_IN_INSTANCE","VARCHAR2",6,NA,NA,"Y",18
"FS_FIADB","EVALIDATOR_VARIABLE_LIBRARY","SQL_SELECT","VARCHAR2",4000,NA,NA,"Y",19
"FS_FIADB","EVALIDATOR_VARIABLE_LIBRARY","SQL_JOIN","VARCHAR2",4000,NA,NA,"Y",20
"FS_FIADB","EVALIDATOR_VARIABLE_LIBRARY","SQL_GROUPBY","VARCHAR2",4000,NA,NA,"Y",21
"FS_FIADB","GRND_CVR","CN","VARCHAR2",34,NA,NA,"N",1
"FS_FIADB","GRND_CVR","PLT_CN","VARCHAR2",34,NA,NA,"N",2
"FS_FIADB","GRND_CVR","INVYR","NUMBER",22,4,0,"N",3
"FS_FIADB","GRND_CVR","STATECD","NUMBER",22,4,0,"N",4
"FS_FIADB","GRND_CVR","UNITCD","NUMBER",22,2,0,"N",5
"FS_FIADB","GRND_CVR","COUNTYCD","NUMBER",22,3,0,"N",6
"FS_FIADB","GRND_CVR","PLOT","NUMBER",22,5,0,"N",7
"FS_FIADB","GRND_CVR","SUBP","NUMBER",22,NA,NA,"N",8
"FS_FIADB","GRND_CVR","TRANSECT","NUMBER",22,3,0,"N",9
"FS_FIADB","GRND_CVR","CVR_PCT","NUMBER",22,3,0,"Y",10
"FS_FIADB","GRND_CVR","GRND_CVR_SEG","NUMBER",22,1,0,"N",11
"FS_FIADB","GRND_CVR","GRND_CVR_TYP","VARCHAR2",4,NA,NA,"N",12
"FS_FIADB","GRND_CVR","CYCLE","NUMBER",22,2,0,"Y",13
"FS_FIADB","GRND_CVR","SUBCYCLE","NUMBER",22,2,0,"Y",14
"FS_FIADB","GRND_CVR","CREATED_BY","VARCHAR2",30,NA,NA,"Y",15
"FS_FIADB","GRND_CVR","CREATED_DATE","DATE",7,NA,NA,"Y",16
"FS_FIADB","GRND_CVR","CREATED_IN_INSTANCE","VARCHAR2",6,NA,NA,"Y",17
"FS_FIADB","GRND_CVR","MODIFIED_BY","VARCHAR2",30,NA,NA,"Y",18
"FS_FIADB","GRND_CVR","MODIFIED_DATE","DATE",7,NA,NA,"Y",19
"FS_FIADB","GRND_CVR","MODIFIED_IN_INSTANCE","VARCHAR2",6,NA,NA,"Y",20
"FS_FIADB","INVASIVE_SUBPLOT_SPP","CN","VARCHAR2",34,NA,NA,"N",1
"FS_FIADB","INVASIVE_SUBPLOT_SPP","PLT_CN","VARCHAR2",34,NA,NA,"N",2
"FS_FIADB","INVASIVE_SUBPLOT_SPP","INVYR","NUMBER",22,4,0,"N",3
"FS_FIADB","INVASIVE_SUBPLOT_SPP","STATECD","NUMBER",22,4,0,"N",4
"FS_FIADB","INVASIVE_SUBPLOT_SPP","UNITCD","NUMBER",22,2,0,"Y",5
"FS_FIADB","INVASIVE_SUBPLOT_SPP","COUNTYCD","NUMBER",22,3,0,"N",6
"FS_FIADB","INVASIVE_SUBPLOT_SPP","PLOT","NUMBER",22,NA,NA,"N",7
"FS_FIADB","INVASIVE_SUBPLOT_SPP","SUBP","NUMBER",22,NA,NA,"N",8
"FS_FIADB","INVASIVE_SUBPLOT_SPP","CONDID","NUMBER",22,1,0,"N",9
"FS_FIADB","INVASIVE_SUBPLOT_SPP","VEG_FLDSPCD","VARCHAR2",10,NA,NA,"N",10
"FS_FIADB","INVASIVE_SUBPLOT_SPP","UNIQUE_SP_NBR","NUMBER",22,2,0,"N",11
"FS_FIADB","INVASIVE_SUBPLOT_SPP","VEG_SPCD","VARCHAR2",10,NA,NA,"N",12
"FS_FIADB","INVASIVE_SUBPLOT_SPP","COVER_PCT","NUMBER",22,3,0,"N",13
"FS_FIADB","INVASIVE_SUBPLOT_SPP","CREATED_BY","VARCHAR2",30,NA,NA,"Y",14
"FS_FIADB","INVASIVE_SUBPLOT_SPP","CREATED_DATE","DATE",7,NA,NA,"Y",15
"FS_FIADB","INVASIVE_SUBPLOT_SPP","CREATED_IN_INSTANCE","VARCHAR2",6,NA,NA,"Y",16
"FS_FIADB","INVASIVE_SUBPLOT_SPP","MODIFIED_BY","VARCHAR2",30,NA,NA,"Y",17
"FS_FIADB","INVASIVE_SUBPLOT_SPP","MODIFIED_DATE","DATE",7,NA,NA,"Y",18
"FS_FIADB","INVASIVE_SUBPLOT_SPP","MODIFIED_IN_INSTANCE","VARCHAR2",6,NA,NA,"Y",19
"FS_FIADB","INVASIVE_SUBPLOT_SPP","CYCLE","NUMBER",22,2,0,"N",20
"FS_FIADB","INVASIVE_SUBPLOT_SPP","SUBCYCLE","NUMBER",22,2,0,"N",21
"FS_FIADB","LICHEN_LAB","CN","VARCHAR2",34,NA,NA,"N",1
"FS_FIADB","LICHEN_LAB","PLT_CN","VARCHAR2",34,NA,NA,"N",2
"FS_FIADB","LICHEN_LAB","INVYR","NUMBER",22,4,0,"N",3
"FS_FIADB","LICHEN_LAB","STATECD","NUMBER",22,4,0,"N",4
"FS_FIADB","LICHEN_LAB","COUNTYCD","NUMBER",22,3,0,"N",5
"FS_FIADB","LICHEN_LAB","PLOT","NUMBER",22,5,0,"N",6
"FS_FIADB","LICHEN_LAB","LICH_SPPCD","NUMBER",22,5,0,"N",7
"FS_FIADB","LICHEN_LAB","MEASYEAR","NUMBER",22,4,0,"N",8
"FS_FIADB","LICHEN_LAB","ABUNDANCE_CLASS","NUMBER",22,4,0,"N",9
"FS_FIADB","LICHEN_LAB","ORIGIN_FLAG","NUMBER",22,1,0,"Y",10
"FS_FIADB","LICHEN_LAB","SPP_COMMENTS","VARCHAR2",2000,NA,NA,"Y",11
"FS_FIADB","LICHEN_LAB","CREATED_BY","VARCHAR2",30,NA,NA,"Y",12
"FS_FIADB","LICHEN_LAB","CREATED_DATE","DATE",7,NA,NA,"Y",13
"FS_FIADB","LICHEN_LAB","CREATED_IN_INSTANCE","VARCHAR2",6,NA,NA,"Y",14
"FS_FIADB","LICHEN_LAB","MODIFIED_BY","VARCHAR2",30,NA,NA,"Y",15
"FS_FIADB","LICHEN_LAB","MODIFIED_DATE","DATE",7,NA,NA,"Y",16
"FS_FIADB","LICHEN_LAB","MODIFIED_IN_INSTANCE","VARCHAR2",6,NA,NA,"Y",17
"FS_FIADB","LICHEN_PLOT_SUMMARY","CN","VARCHAR2",34,NA,NA,"N",1
"FS_FIADB","LICHEN_PLOT_SUMMARY","PLT_CN","VARCHAR2",34,NA,NA,"N",2
"FS_FIADB","LICHEN_PLOT_SUMMARY","INVYR","NUMBER",22,4,0,"N",3
"FS_FIADB","LICHEN_PLOT_SUMMARY","STATECD","NUMBER",22,4,0,"N",4
"FS_FIADB","LICHEN_PLOT_SUMMARY","COUNTYCD","NUMBER",22,3,0,"N",5
"FS_FIADB","LICHEN_PLOT_SUMMARY","PLOT","NUMBER",22,5,0,"N",6
"FS_FIADB","LICHEN_PLOT_SUMMARY","MEASYEAR","NUMBER",22,4,0,"N",7
"FS_FIADB","LICHEN_PLOT_SUMMARY","SUMMATION","NUMBER",22,7,4,"N",8
"FS_FIADB","LICHEN_PLOT_SUMMARY","RICHNESS","NUMBER",22,2,0,"N",9
"FS_FIADB","LICHEN_PLOT_SUMMARY","EVENNESS","NUMBER",22,5,4,"Y",10
"FS_FIADB","LICHEN_PLOT_SUMMARY","DIVERSITY","NUMBER",22,5,4,"N",11
"FS_FIADB","LICHEN_PLOT_SUMMARY","CREATED_BY","VARCHAR2",30,NA,NA,"Y",12
"FS_FIADB","LICHEN_PLOT_SUMMARY","CREATED_DATE","DATE",7,NA,NA,"Y",13
"FS_FIADB","LICHEN_PLOT_SUMMARY","CREATED_IN_INSTANCE","VARCHAR2",6,NA,NA,"Y",14
"FS_FIADB","LICHEN_PLOT_SUMMARY","MODIFIED_BY","VARCHAR2",30,NA,NA,"Y",15
"FS_FIADB","LICHEN_PLOT_SUMMARY","MODIFIED_DATE","DATE",7,NA,NA,"Y",16
"FS_FIADB","LICHEN_PLOT_SUMMARY","MODIFIED_IN_INSTANCE","VARCHAR2",6,NA,NA,"Y",17
"FS_FIADB","LICHEN_SPECIES_SUMMARY","CN","VARCHAR2",34,NA,NA,"N",1
"FS_FIADB","LICHEN_SPECIES_SUMMARY","INVYR","NUMBER",22,4,0,"N",2
"FS_FIADB","LICHEN_SPECIES_SUMMARY","LICHEN_REGION","NUMBER",22,4,0,"N",3
"FS_FIADB","LICHEN_SPECIES_SUMMARY","LICH_SPPCD","NUMBER",22,5,0,"N",4
"FS_FIADB","LICHEN_SPECIES_SUMMARY","MEASYEAR","NUMBER",22,4,0,"N",5
"FS_FIADB","LICHEN_SPECIES_SUMMARY","LICHEN_REGION_DESCR","VARCHAR2",80,NA,NA,"N",6
"FS_FIADB","LICHEN_SPECIES_SUMMARY","SPP_ACRONYM","VARCHAR2",6,NA,NA,"N",7
"FS_FIADB","LICHEN_SPECIES_SUMMARY","GENUS","VARCHAR2",40,NA,NA,"N",8
"FS_FIADB","LICHEN_SPECIES_SUMMARY","SUM_ABUNDANCE","NUMBER",22,7,4,"N",9
"FS_FIADB","LICHEN_SPECIES_SUMMARY","FREQUENCY_PCT","NUMBER",22,3,0,"N",10
"FS_FIADB","LICHEN_SPECIES_SUMMARY","SPECIES","VARCHAR2",50,NA,NA,"Y",11
"FS_FIADB","LICHEN_SPECIES_SUMMARY","PLOTS_IN_REGION","NUMBER",22,4,0,"N",12
"FS_FIADB","LICHEN_SPECIES_SUMMARY","CREATED_BY","VARCHAR2",30,NA,NA,"Y",13
"FS_FIADB","LICHEN_SPECIES_SUMMARY","CREATED_DATE","DATE",7,NA,NA,"Y",14
"FS_FIADB","LICHEN_SPECIES_SUMMARY","CREATED_IN_INSTANCE","VARCHAR2",6,NA,NA,"Y",15
"FS_FIADB","LICHEN_SPECIES_SUMMARY","MODIFIED_BY","VARCHAR2",30,NA,NA,"Y",16
"FS_FIADB","LICHEN_SPECIES_SUMMARY","MODIFIED_DATE","DATE",7,NA,NA,"Y",17
"FS_FIADB","LICHEN_SPECIES_SUMMARY","MODIFIED_IN_INSTANCE","VARCHAR2",6,NA,NA,"Y",18
"FS_FIADB","LICHEN_VISIT","CN","VARCHAR2",34,NA,NA,"N",1
"FS_FIADB","LICHEN_VISIT","PLT_CN","VARCHAR2",34,NA,NA,"N",2
"FS_FIADB","LICHEN_VISIT","INVYR","NUMBER",22,4,0,"N",3
"FS_FIADB","LICHEN_VISIT","STATECD","NUMBER",22,4,0,"N",4
"FS_FIADB","LICHEN_VISIT","COUNTYCD","NUMBER",22,3,0,"N",5
"FS_FIADB","LICHEN_VISIT","PLOT","NUMBER",22,5,0,"N",6
"FS_FIADB","LICHEN_VISIT","MEASDAY","NUMBER",22,2,0,"Y",7
"FS_FIADB","LICHEN_VISIT","MEASMON","NUMBER",22,2,0,"Y",8
"FS_FIADB","LICHEN_VISIT","MEASYEAR","NUMBER",22,4,0,"N",9
"FS_FIADB","LICHEN_VISIT","LICHEN_STATCD","NUMBER",22,2,0,"N",10
"FS_FIADB","LICHEN_VISIT","LIPROJCD","NUMBER",22,2,0,"Y",11
"FS_FIADB","LICHEN_VISIT","SMPLSTRT","NUMBER",22,4,0,"Y",12
"FS_FIADB","LICHEN_VISIT","SMPLSTP","NUMBER",22,4,0,"Y",13
"FS_FIADB","LICHEN_VISIT","SMPLTIME","NUMBER",22,4,0,"Y",14
"FS_FIADB","LICHEN_VISIT","SFTWDPCT","NUMBER",22,3,0,"Y",15
"FS_FIADB","LICHEN_VISIT","HRDWDPCT","NUMBER",22,3,0,"Y",16
"FS_FIADB","LICHEN_VISIT","SHRUBPCT","NUMBER",22,3,0,"Y",17
"FS_FIADB","LICHEN_VISIT","GAPPCT","NUMBER",22,3,0,"Y",18
"FS_FIADB","LICHEN_VISIT","GAPRCNT","NUMBER",22,2,0,"Y",19
"FS_FIADB","LICHEN_VISIT","TALLSHRB","NUMBER",22,2,0,"Y",20
"FS_FIADB","LICHEN_VISIT","FTRCD1","NUMBER",22,NA,NA,"Y",21
"FS_FIADB","LICHEN_VISIT","FTRCD2","NUMBER",22,NA,NA,"Y",22
"FS_FIADB","LICHEN_VISIT","FTRCD3","NUMBER",22,NA,NA,"Y",23
"FS_FIADB","LICHEN_VISIT","FTRCD4","NUMBER",22,NA,NA,"Y",24
"FS_FIADB","LICHEN_VISIT","ISSUECD1","NUMBER",22,NA,NA,"Y",25
"FS_FIADB","LICHEN_VISIT","ISSUECD2","NUMBER",22,NA,NA,"Y",26
"FS_FIADB","LICHEN_VISIT","ISSUECD3","NUMBER",22,NA,NA,"Y",27
"FS_FIADB","LICHEN_VISIT","ISSUECD4","NUMBER",22,NA,NA,"Y",28
"FS_FIADB","LICHEN_VISIT","SZCLSCD1","NUMBER",22,2,0,"Y",29
"FS_FIADB","LICHEN_VISIT","SZCLSCD2","NUMBER",22,2,0,"Y",30
"FS_FIADB","LICHEN_VISIT","SZCLSCD3","NUMBER",22,2,0,"Y",31
"FS_FIADB","LICHEN_VISIT","CREATED_BY","VARCHAR2",30,NA,NA,"Y",32
"FS_FIADB","LICHEN_VISIT","CREATED_DATE","DATE",7,NA,NA,"Y",33
"FS_FIADB","LICHEN_VISIT","CREATED_IN_INSTANCE","VARCHAR2",6,NA,NA,"Y",34
"FS_FIADB","LICHEN_VISIT","MODIFIED_BY","VARCHAR2",30,NA,NA,"Y",35
"FS_FIADB","LICHEN_VISIT","MODIFIED_DATE","DATE",7,NA,NA,"Y",36
"FS_FIADB","LICHEN_VISIT","MODIFIED_IN_INSTANCE","VARCHAR2",6,NA,NA,"Y",37
"FS_FIADB","LICHEN_VISIT","QA_STATUS","NUMBER",22,1,0,"Y",38
"FS_FIADB","OZONE_BIOSITE_SUMMARY","CN","VARCHAR2",34,NA,NA,"N",1
"FS_FIADB","OZONE_BIOSITE_SUMMARY","INVYR","NUMBER",22,4,0,"N",2
"FS_FIADB","OZONE_BIOSITE_SUMMARY","STATECD","NUMBER",22,4,0,"N",3
"FS_FIADB","OZONE_BIOSITE_SUMMARY","COUNTYCD","NUMBER",22,3,0,"N",4
"FS_FIADB","OZONE_BIOSITE_SUMMARY","O3PLOT","NUMBER",22,NA,NA,"N",5
"FS_FIADB","OZONE_BIOSITE_SUMMARY","FIELD_ID","NUMBER",22,7,0,"N",6
"FS_FIADB","OZONE_BIOSITE_SUMMARY","LOCATION_CNT","NUMBER",22,NA,NA,"N",7
"FS_FIADB","OZONE_BIOSITE_SUMMARY","GROUND_LOC_CD","NUMBER",22,1,0,"N",8
"FS_FIADB","OZONE_BIOSITE_SUMMARY","MEASYEAR","NUMBER",22,4,0,"N",9
"FS_FIADB","OZONE_BIOSITE_SUMMARY","PLANT_INJ_CNT","NUMBER",22,NA,NA,"N",10
"FS_FIADB","OZONE_BIOSITE_SUMMARY","PLANT_EVAL_CNT","NUMBER",22,NA,NA,"N",11
"FS_FIADB","OZONE_BIOSITE_SUMMARY","PLANT_RATIO","NUMBER",22,NA,NA,"N",12
"FS_FIADB","OZONE_BIOSITE_SUMMARY","SPECIES_EVAL_CNT","NUMBER",22,NA,NA,"N",13
"FS_FIADB","OZONE_BIOSITE_SUMMARY","BIOSITE_INDEX","NUMBER",22,NA,NA,"N",14
"FS_FIADB","OZONE_BIOSITE_SUMMARY","BIOSITE_INDEX_MULTIPLIER","NUMBER",22,NA,NA,"Y",15
"FS_FIADB","OZONE_BIOSITE_SUMMARY","SVRTY_CLASS_ZERO","NUMBER",22,NA,NA,"Y",16
"FS_FIADB","OZONE_BIOSITE_SUMMARY","SVRTY_CLASS_ONE","NUMBER",22,NA,NA,"Y",17
"FS_FIADB","OZONE_BIOSITE_SUMMARY","SVRTY_CLASS_TWO","NUMBER",22,NA,NA,"Y",18
"FS_FIADB","OZONE_BIOSITE_SUMMARY","SVRTY_CLASS_THREE","NUMBER",22,NA,NA,"Y",19
"FS_FIADB","OZONE_BIOSITE_SUMMARY","SVRTY_CLASS_FOUR","NUMBER",22,NA,NA,"Y",20
"FS_FIADB","OZONE_BIOSITE_SUMMARY","SVRTY_CLASS_FIVE","NUMBER",22,NA,NA,"Y",21
"FS_FIADB","OZONE_BIOSITE_SUMMARY","CREATED_BY","VARCHAR2",30,NA,NA,"Y",22
"FS_FIADB","OZONE_BIOSITE_SUMMARY","CREATED_DATE","DATE",7,NA,NA,"Y",23
"FS_FIADB","OZONE_BIOSITE_SUMMARY","CREATED_IN_INSTANCE","VARCHAR2",6,NA,NA,"Y",24
"FS_FIADB","OZONE_BIOSITE_SUMMARY","MODIFIED_BY","VARCHAR2",30,NA,NA,"Y",25
"FS_FIADB","OZONE_BIOSITE_SUMMARY","MODIFIED_DATE","DATE",7,NA,NA,"Y",26
"FS_FIADB","OZONE_BIOSITE_SUMMARY","MODIFIED_IN_INSTANCE","VARCHAR2",6,NA,NA,"Y",27
"FS_FIADB","OZONE_PLOT","CN","VARCHAR2",34,NA,NA,"N",1
"FS_FIADB","OZONE_PLOT","SRV_CN","VARCHAR2",34,NA,NA,"N",2
"FS_FIADB","OZONE_PLOT","CTY_CN","VARCHAR2",34,NA,NA,"N",3
"FS_FIADB","OZONE_PLOT","INVYR","NUMBER",22,4,0,"N",4
"FS_FIADB","OZONE_PLOT","STATECD","NUMBER",22,4,0,"N",5
"FS_FIADB","OZONE_PLOT","UNITCD","NUMBER",22,2,0,"N",6
"FS_FIADB","OZONE_PLOT","COUNTYCD","NUMBER",22,3,0,"N",7
"FS_FIADB","OZONE_PLOT","O3PLOT","NUMBER",22,NA,NA,"N",8
"FS_FIADB","OZONE_PLOT","FIELD_ID","NUMBER",22,7,0,"Y",9
"FS_FIADB","OZONE_PLOT","SPLIT_PLOTID","NUMBER",22,1,0,"Y",10
"FS_FIADB","OZONE_PLOT","MEASYEAR","NUMBER",22,4,0,"Y",11
"FS_FIADB","OZONE_PLOT","MEASMON","NUMBER",22,2,0,"Y",12
"FS_FIADB","OZONE_PLOT","MEASDAY","NUMBER",22,2,0,"Y",13
"FS_FIADB","OZONE_PLOT","LAT","NUMBER",22,8,6,"Y",14
"FS_FIADB","OZONE_PLOT","LON","NUMBER",22,9,6,"Y",15
"FS_FIADB","OZONE_PLOT","ELEVATION","NUMBER",22,NA,NA,"Y",16
"FS_FIADB","OZONE_PLOT","MANUAL","NUMBER",22,3,1,"N",17
"FS_FIADB","OZONE_PLOT","QA_STATUS","NUMBER",22,1,0,"Y",18
"FS_FIADB","OZONE_PLOT","CREATED_BY","VARCHAR2",30,NA,NA,"Y",19
"FS_FIADB","OZONE_PLOT","CREATED_DATE","DATE",7,NA,NA,"Y",20
"FS_FIADB","OZONE_PLOT","CREATED_IN_INSTANCE","VARCHAR2",6,NA,NA,"Y",21
"FS_FIADB","OZONE_PLOT","MODIFIED_BY","VARCHAR2",30,NA,NA,"Y",22
"FS_FIADB","OZONE_PLOT","MODIFIED_DATE","DATE",7,NA,NA,"Y",23
"FS_FIADB","OZONE_PLOT","MODIFIED_IN_INSTANCE","VARCHAR2",6,NA,NA,"Y",24
"FS_FIADB","OZONE_PLOT","CYCLE","NUMBER",22,2,0,"Y",25
"FS_FIADB","OZONE_PLOT","SUBCYCLE","NUMBER",22,2,0,"Y",26
"FS_FIADB","OZONE_PLOT_SUMMARY","CN","VARCHAR2",34,NA,NA,"N",1
"FS_FIADB","OZONE_PLOT_SUMMARY","INVYR","NUMBER",22,4,0,"N",2
"FS_FIADB","OZONE_PLOT_SUMMARY","STATECD","NUMBER",22,4,0,"N",3
"FS_FIADB","OZONE_PLOT_SUMMARY","COUNTYCD","NUMBER",22,3,0,"N",4
"FS_FIADB","OZONE_PLOT_SUMMARY","O3PLOT","NUMBER",22,NA,NA,"N",5
"FS_FIADB","OZONE_PLOT_SUMMARY","FIELD_ID","NUMBER",22,7,0,"N",6
"FS_FIADB","OZONE_PLOT_SUMMARY","SPLIT_PLOTID","NUMBER",22,1,0,"N",7
"FS_FIADB","OZONE_PLOT_SUMMARY","MEASYEAR","NUMBER",22,4,0,"N",8
"FS_FIADB","OZONE_PLOT_SUMMARY","SPECIES_EVAL_CNT","NUMBER",22,NA,NA,"N",9
"FS_FIADB","OZONE_PLOT_SUMMARY","BIOSITE_INDEX","NUMBER",22,NA,NA,"N",10
"FS_FIADB","OZONE_PLOT_SUMMARY","ELEV","NUMBER",22,5,0,"Y",11
"FS_FIADB","OZONE_PLOT_SUMMARY","PLTSIZE","NUMBER",22,NA,NA,"Y",12
"FS_FIADB","OZONE_PLOT_SUMMARY","ASPECT","NUMBER",22,3,0,"Y",13
"FS_FIADB","OZONE_PLOT_SUMMARY","TERRPOS","NUMBER",22,NA,NA,"Y",14
"FS_FIADB","OZONE_PLOT_SUMMARY","SOILDPTH","NUMBER",22,NA,NA,"Y",15
"FS_FIADB","OZONE_PLOT_SUMMARY","SOILDRN","NUMBER",22,NA,NA,"Y",16
"FS_FIADB","OZONE_PLOT_SUMMARY","PLOTWET","NUMBER",22,NA,NA,"Y",17
"FS_FIADB","OZONE_PLOT_SUMMARY","PLTDSTRB","NUMBER",22,NA,NA,"Y",18
"FS_FIADB","OZONE_PLOT_SUMMARY","BIOSITE_INDEX_MULTIPLIER","NUMBER",22,NA,NA,"Y",19
"FS_FIADB","OZONE_PLOT_SUMMARY","LAT","NUMBER",22,8,6,"Y",20
"FS_FIADB","OZONE_PLOT_SUMMARY","LON","NUMBER",22,9,6,"Y",21
"FS_FIADB","OZONE_PLOT_SUMMARY","CREATED_BY","VARCHAR2",30,NA,NA,"Y",22
"FS_FIADB","OZONE_PLOT_SUMMARY","CREATED_DATE","DATE",7,NA,NA,"Y",23
"FS_FIADB","OZONE_PLOT_SUMMARY","CREATED_IN_INSTANCE","VARCHAR2",6,NA,NA,"Y",24
"FS_FIADB","OZONE_PLOT_SUMMARY","MODIFIED_BY","VARCHAR2",30,NA,NA,"Y",25
"FS_FIADB","OZONE_PLOT_SUMMARY","MODIFIED_DATE","DATE",7,NA,NA,"Y",26
"FS_FIADB","OZONE_PLOT_SUMMARY","MODIFIED_IN_INSTANCE","VARCHAR2",6,NA,NA,"Y",27
"FS_FIADB","OZONE_SPECIES_SUMMARY","CN","VARCHAR2",34,NA,NA,"N",1
"FS_FIADB","OZONE_SPECIES_SUMMARY","INVYR","NUMBER",22,4,0,"N",2
"FS_FIADB","OZONE_SPECIES_SUMMARY","STATECD","NUMBER",22,4,0,"N",3
"FS_FIADB","OZONE_SPECIES_SUMMARY","COUNTYCD","NUMBER",22,3,0,"N",4
"FS_FIADB","OZONE_SPECIES_SUMMARY","O3PLOT","NUMBER",22,NA,NA,"N",5
"FS_FIADB","OZONE_SPECIES_SUMMARY","FIELD_ID","NUMBER",22,7,0,"N",6
"FS_FIADB","OZONE_SPECIES_SUMMARY","SPLIT_PLOTID","NUMBER",22,1,0,"N",7
"FS_FIADB","OZONE_SPECIES_SUMMARY","GROUND_LOC_CD","NUMBER",22,1,0,"N",8
"FS_FIADB","OZONE_SPECIES_SUMMARY","MEASYEAR","NUMBER",22,4,0,"N",9
"FS_FIADB","OZONE_SPECIES_SUMMARY","BIOSPCD","NUMBER",22,NA,NA,"N",10
"FS_FIADB","OZONE_SPECIES_SUMMARY","AMNT_MAX","NUMBER",22,NA,NA,"N",11
"FS_FIADB","OZONE_SPECIES_SUMMARY","AMNT_MIN","NUMBER",22,NA,NA,"N",12
"FS_FIADB","OZONE_SPECIES_SUMMARY","AMNT_MEAN","NUMBER",22,NA,NA,"N",13
"FS_FIADB","OZONE_SPECIES_SUMMARY","SVRTY_MAX","NUMBER",22,NA,NA,"N",14
"FS_FIADB","OZONE_SPECIES_SUMMARY","SVRTY_MIN","NUMBER",22,NA,NA,"N",15
"FS_FIADB","OZONE_SPECIES_SUMMARY","SVRTY_MEAN","NUMBER",22,NA,NA,"N",16
"FS_FIADB","OZONE_SPECIES_SUMMARY","PLANT_INJ_CNT","NUMBER",22,NA,NA,"N",17
"FS_FIADB","OZONE_SPECIES_SUMMARY","PLANT_EVAL_CNT","NUMBER",22,NA,NA,"N",18
"FS_FIADB","OZONE_SPECIES_SUMMARY","PLANT_RATIO","NUMBER",22,NA,NA,"N",19
"FS_FIADB","OZONE_SPECIES_SUMMARY","BIOSPCD_SUM","NUMBER",22,NA,NA,"N",20
"FS_FIADB","OZONE_SPECIES_SUMMARY","BIOSPCD_INDEX","NUMBER",22,NA,NA,"N",21
"FS_FIADB","OZONE_SPECIES_SUMMARY","ELEV","NUMBER",22,5,0,"Y",22
"FS_FIADB","OZONE_SPECIES_SUMMARY","PLTSIZE","NUMBER",22,NA,NA,"Y",23
"FS_FIADB","OZONE_SPECIES_SUMMARY","ASPECT","NUMBER",22,3,0,"Y",24
"FS_FIADB","OZONE_SPECIES_SUMMARY","TERRPOS","NUMBER",22,NA,NA,"Y",25
"FS_FIADB","OZONE_SPECIES_SUMMARY","SOILDPTH","NUMBER",22,NA,NA,"Y",26
"FS_FIADB","OZONE_SPECIES_SUMMARY","SOILDRN","NUMBER",22,NA,NA,"Y",27
"FS_FIADB","OZONE_SPECIES_SUMMARY","PLOTWET","NUMBER",22,NA,NA,"Y",28
"FS_FIADB","OZONE_SPECIES_SUMMARY","PLTDSTRB","NUMBER",22,NA,NA,"Y",29
"FS_FIADB","OZONE_SPECIES_SUMMARY","CREATED_BY","VARCHAR2",30,NA,NA,"Y",30
"FS_FIADB","OZONE_SPECIES_SUMMARY","CREATED_DATE","DATE",7,NA,NA,"Y",31
"FS_FIADB","OZONE_SPECIES_SUMMARY","CREATED_IN_INSTANCE","VARCHAR2",6,NA,NA,"Y",32
"FS_FIADB","OZONE_SPECIES_SUMMARY","MODIFIED_BY","VARCHAR2",30,NA,NA,"Y",33
"FS_FIADB","OZONE_SPECIES_SUMMARY","MODIFIED_DATE","DATE",7,NA,NA,"Y",34
"FS_FIADB","OZONE_SPECIES_SUMMARY","MODIFIED_IN_INSTANCE","VARCHAR2",6,NA,NA,"Y",35
"FS_FIADB","OZONE_VALIDATION","CN","VARCHAR2",34,NA,NA,"N",1
"FS_FIADB","OZONE_VALIDATION","PLT_CN","VARCHAR2",34,NA,NA,"N",2
"FS_FIADB","OZONE_VALIDATION","INVYR","NUMBER",22,4,0,"N",3
"FS_FIADB","OZONE_VALIDATION","STATECD","NUMBER",22,4,0,"N",4
"FS_FIADB","OZONE_VALIDATION","COUNTYCD","NUMBER",22,3,0,"N",5
"FS_FIADB","OZONE_VALIDATION","O3PLOT","NUMBER",22,NA,NA,"N",6
"FS_FIADB","OZONE_VALIDATION","FIELD_ID","NUMBER",22,7,0,"N",7
"FS_FIADB","OZONE_VALIDATION","SPLIT_PLOTID","NUMBER",22,1,0,"N",8
"FS_FIADB","OZONE_VALIDATION","BIOSPCD","NUMBER",22,NA,NA,"N",9
"FS_FIADB","OZONE_VALIDATION","QASTATCD","NUMBER",22,1,0,"N",10
"FS_FIADB","OZONE_VALIDATION","CRWTYPCD","NUMBER",22,1,0,"N",11
"FS_FIADB","OZONE_VALIDATION","LEAFVCHR","NUMBER",22,NA,NA,"N",12
"FS_FIADB","OZONE_VALIDATION","INJVALID","NUMBER",22,NA,NA,"N",13
"FS_FIADB","OZONE_VALIDATION","O3_STATCD","NUMBER",22,NA,NA,"N",14
"FS_FIADB","OZONE_VALIDATION","MEASYEAR","NUMBER",22,4,0,"N",15
"FS_FIADB","OZONE_VALIDATION","CREATED_BY","VARCHAR2",30,NA,NA,"Y",16
"FS_FIADB","OZONE_VALIDATION","CREATED_DATE","DATE",7,NA,NA,"Y",17
"FS_FIADB","OZONE_VALIDATION","CREATED_IN_INSTANCE","VARCHAR2",6,NA,NA,"Y",18
"FS_FIADB","OZONE_VALIDATION","MODIFIED_BY","VARCHAR2",30,NA,NA,"Y",19
"FS_FIADB","OZONE_VALIDATION","MODIFIED_DATE","DATE",7,NA,NA,"Y",20
"FS_FIADB","OZONE_VALIDATION","MODIFIED_IN_INSTANCE","VARCHAR2",6,NA,NA,"Y",21
"FS_FIADB","OZONE_VISIT","CN","VARCHAR2",34,NA,NA,"N",1
"FS_FIADB","OZONE_VISIT","PLT_CN","VARCHAR2",34,NA,NA,"N",2
"FS_FIADB","OZONE_VISIT","INVYR","NUMBER",22,4,0,"N",3
"FS_FIADB","OZONE_VISIT","STATECD","NUMBER",22,4,0,"N",4
"FS_FIADB","OZONE_VISIT","COUNTYCD","NUMBER",22,3,0,"N",5
"FS_FIADB","OZONE_VISIT","O3PLOT","NUMBER",22,NA,NA,"N",6
"FS_FIADB","OZONE_VISIT","FIELD_ID","NUMBER",22,7,0,"N",7
"FS_FIADB","OZONE_VISIT","SPLIT_PLOTID","NUMBER",22,1,0,"N",8
"FS_FIADB","OZONE_VISIT","SMPKNDCD","NUMBER",22,2,0,"Y",9
"FS_FIADB","OZONE_VISIT","MEASDAY","NUMBER",22,2,0,"Y",10
"FS_FIADB","OZONE_VISIT","MEASMON","NUMBER",22,2,0,"Y",11
"FS_FIADB","OZONE_VISIT","MEASYEAR","NUMBER",22,4,0,"N",12
"FS_FIADB","OZONE_VISIT","PLTSIZE","NUMBER",22,NA,NA,"N",13
"FS_FIADB","OZONE_VISIT","ASPECT","NUMBER",22,3,0,"N",14
"FS_FIADB","OZONE_VISIT","TERRPOS","NUMBER",22,NA,NA,"N",15
"FS_FIADB","OZONE_VISIT","SOILDPTH","NUMBER",22,NA,NA,"N",16
"FS_FIADB","OZONE_VISIT","SOILDRN","NUMBER",22,NA,NA,"Y",17
"FS_FIADB","OZONE_VISIT","PLTDSTRB","NUMBER",22,NA,NA,"N",18
"FS_FIADB","OZONE_VISIT","CRWTYPCD","NUMBER",22,1,0,"Y",19
"FS_FIADB","OZONE_VISIT","PLOTWET","NUMBER",22,NA,NA,"Y",20
"FS_FIADB","OZONE_VISIT","INJCHECK","NUMBER",22,2,0,"N",21
"FS_FIADB","OZONE_VISIT","GRIDDEN","NUMBER",22,1,0,"Y",22
"FS_FIADB","OZONE_VISIT","CREATED_BY","VARCHAR2",30,NA,NA,"Y",23
"FS_FIADB","OZONE_VISIT","CREATED_DATE","DATE",7,NA,NA,"Y",24
"FS_FIADB","OZONE_VISIT","CREATED_IN_INSTANCE","VARCHAR2",6,NA,NA,"Y",25
"FS_FIADB","OZONE_VISIT","MODIFIED_BY","VARCHAR2",30,NA,NA,"Y",26
"FS_FIADB","OZONE_VISIT","MODIFIED_DATE","DATE",7,NA,NA,"Y",27
"FS_FIADB","OZONE_VISIT","MODIFIED_IN_INSTANCE","VARCHAR2",6,NA,NA,"Y",28
"FS_FIADB","P2VEG_SUBPLOT_SPP","CN","VARCHAR2",34,NA,NA,"N",1
"FS_FIADB","P2VEG_SUBPLOT_SPP","PLT_CN","VARCHAR2",34,NA,NA,"N",2
"FS_FIADB","P2VEG_SUBPLOT_SPP","INVYR","NUMBER",22,4,0,"N",3
"FS_FIADB","P2VEG_SUBPLOT_SPP","STATECD","NUMBER",22,4,0,"N",4
"FS_FIADB","P2VEG_SUBPLOT_SPP","UNITCD","NUMBER",22,2,0,"Y",5
"FS_FIADB","P2VEG_SUBPLOT_SPP","COUNTYCD","NUMBER",22,3,0,"N",6
"FS_FIADB","P2VEG_SUBPLOT_SPP","PLOT","NUMBER",22,NA,NA,"N",7
"FS_FIADB","P2VEG_SUBPLOT_SPP","SUBP","NUMBER",22,NA,NA,"N",8
"FS_FIADB","P2VEG_SUBPLOT_SPP","CONDID","NUMBER",22,1,0,"N",9
"FS_FIADB","P2VEG_SUBPLOT_SPP","VEG_FLDSPCD","VARCHAR2",10,NA,NA,"N",10
"FS_FIADB","P2VEG_SUBPLOT_SPP","UNIQUE_SP_NBR","NUMBER",22,2,0,"N",11
"FS_FIADB","P2VEG_SUBPLOT_SPP","VEG_SPCD","VARCHAR2",10,NA,NA,"N",12
"FS_FIADB","P2VEG_SUBPLOT_SPP","GROWTH_HABIT_CD","VARCHAR2",2,NA,NA,"N",13
"FS_FIADB","P2VEG_SUBPLOT_SPP","LAYER","NUMBER",22,1,0,"N",14
"FS_FIADB","P2VEG_SUBPLOT_SPP","COVER_PCT","NUMBER",22,3,0,"N",15
"FS_FIADB","P2VEG_SUBPLOT_SPP","CREATED_BY","VARCHAR2",30,NA,NA,"Y",16
"FS_FIADB","P2VEG_SUBPLOT_SPP","CREATED_DATE","DATE",7,NA,NA,"Y",17
"FS_FIADB","P2VEG_SUBPLOT_SPP","CREATED_IN_INSTANCE","VARCHAR2",6,NA,NA,"Y",18
"FS_FIADB","P2VEG_SUBPLOT_SPP","MODIFIED_BY","VARCHAR2",30,NA,NA,"Y",19
"FS_FIADB","P2VEG_SUBPLOT_SPP","MODIFIED_DATE","DATE",7,NA,NA,"Y",20
"FS_FIADB","P2VEG_SUBPLOT_SPP","MODIFIED_IN_INSTANCE","VARCHAR2",6,NA,NA,"Y",21
"FS_FIADB","P2VEG_SUBPLOT_SPP","CYCLE","NUMBER",22,2,0,"N",22
"FS_FIADB","P2VEG_SUBPLOT_SPP","SUBCYCLE","NUMBER",22,2,0,"N",23
"FS_FIADB","P2VEG_SUBP_STRUCTURE","CN","VARCHAR2",34,NA,NA,"N",1
"FS_FIADB","P2VEG_SUBP_STRUCTURE","PLT_CN","VARCHAR2",34,NA,NA,"N",2
"FS_FIADB","P2VEG_SUBP_STRUCTURE","STATECD","NUMBER",22,4,0,"N",3
"FS_FIADB","P2VEG_SUBP_STRUCTURE","UNITCD","NUMBER",22,2,0,"N",4
"FS_FIADB","P2VEG_SUBP_STRUCTURE","COUNTYCD","NUMBER",22,3,0,"N",5
"FS_FIADB","P2VEG_SUBP_STRUCTURE","PLOT","NUMBER",22,NA,NA,"N",6
"FS_FIADB","P2VEG_SUBP_STRUCTURE","INVYR","NUMBER",22,4,0,"N",7
"FS_FIADB","P2VEG_SUBP_STRUCTURE","SUBP","NUMBER",22,NA,NA,"N",8
"FS_FIADB","P2VEG_SUBP_STRUCTURE","CONDID","NUMBER",22,1,0,"N",9
"FS_FIADB","P2VEG_SUBP_STRUCTURE","GROWTH_HABIT_CD","VARCHAR2",2,NA,NA,"N",10
"FS_FIADB","P2VEG_SUBP_STRUCTURE","LAYER","NUMBER",22,1,0,"N",11
"FS_FIADB","P2VEG_SUBP_STRUCTURE","COVER_PCT","NUMBER",22,3,0,"N",12
"FS_FIADB","P2VEG_SUBP_STRUCTURE","CREATED_BY","VARCHAR2",30,NA,NA,"Y",13
"FS_FIADB","P2VEG_SUBP_STRUCTURE","CREATED_DATE","DATE",7,NA,NA,"Y",14
"FS_FIADB","P2VEG_SUBP_STRUCTURE","CREATED_IN_INSTANCE","VARCHAR2",6,NA,NA,"Y",15
"FS_FIADB","P2VEG_SUBP_STRUCTURE","MODIFIED_BY","VARCHAR2",30,NA,NA,"Y",16
"FS_FIADB","P2VEG_SUBP_STRUCTURE","MODIFIED_DATE","DATE",7,NA,NA,"Y",17
"FS_FIADB","P2VEG_SUBP_STRUCTURE","MODIFIED_IN_INSTANCE","VARCHAR2",6,NA,NA,"Y",18
"FS_FIADB","P2VEG_SUBP_STRUCTURE","CYCLE","NUMBER",22,2,0,"N",19
"FS_FIADB","P2VEG_SUBP_STRUCTURE","SUBCYCLE","NUMBER",22,2,0,"N",20
"FS_FIADB","PLOT","CN","VARCHAR2",34,NA,NA,"N",1
"FS_FIADB","PLOT","SRV_CN","VARCHAR2",34,NA,NA,"N",2
"FS_FIADB","PLOT","CTY_CN","VARCHAR2",34,NA,NA,"N",3
"FS_FIADB","PLOT","PREV_PLT_CN","VARCHAR2",34,NA,NA,"Y",4
"FS_FIADB","PLOT","INVYR","NUMBER",22,4,0,"N",5
"FS_FIADB","PLOT","STATECD","NUMBER",22,4,0,"N",6
"FS_FIADB","PLOT","UNITCD","NUMBER",22,2,0,"N",7
"FS_FIADB","PLOT","COUNTYCD","NUMBER",22,3,0,"N",8
"FS_FIADB","PLOT","PLOT","NUMBER",22,5,0,"N",9
"FS_FIADB","PLOT","PLOT_STATUS_CD","NUMBER",22,1,0,"Y",10
"FS_FIADB","PLOT","PLOT_NONSAMPLE_REASN_CD","NUMBER",22,2,0,"Y",11
"FS_FIADB","PLOT","MEASYEAR","NUMBER",22,4,0,"Y",12
"FS_FIADB","PLOT","MEASMON","NUMBER",22,2,0,"Y",13
"FS_FIADB","PLOT","MEASDAY","NUMBER",22,2,0,"Y",14
"FS_FIADB","PLOT","REMPER","NUMBER",22,3,1,"Y",15
"FS_FIADB","PLOT","KINDCD","NUMBER",22,2,0,"N",16
"FS_FIADB","PLOT","DESIGNCD","NUMBER",22,4,0,"Y",17
"FS_FIADB","PLOT","RDDISTCD","NUMBER",22,2,0,"Y",18
"FS_FIADB","PLOT","WATERCD","NUMBER",22,2,0,"Y",19
"FS_FIADB","PLOT","LAT","NUMBER",22,8,6,"Y",20
"FS_FIADB","PLOT","LON","NUMBER",22,9,6,"Y",21
"FS_FIADB","PLOT","ELEV","NUMBER",22,5,0,"Y",22
"FS_FIADB","PLOT","GROW_TYP_CD","NUMBER",22,2,0,"Y",23
"FS_FIADB","PLOT","MORT_TYP_CD","NUMBER",22,2,0,"Y",24
"FS_FIADB","PLOT","P2PANEL","NUMBER",22,2,0,"Y",25
"FS_FIADB","PLOT","P3PANEL","NUMBER",22,2,0,"Y",26
"FS_FIADB","PLOT","MANUAL","NUMBER",22,3,1,"N",27
"FS_FIADB","PLOT","KINDCD_NC","NUMBER",22,2,0,"Y",28
"FS_FIADB","PLOT","QA_STATUS","NUMBER",22,1,0,"Y",29
"FS_FIADB","PLOT","CREATED_BY","VARCHAR2",30,NA,NA,"Y",30
"FS_FIADB","PLOT","CREATED_DATE","DATE",7,NA,NA,"Y",31
"FS_FIADB","PLOT","CREATED_IN_INSTANCE","VARCHAR2",6,NA,NA,"Y",32
"FS_FIADB","PLOT","MODIFIED_BY","VARCHAR2",30,NA,NA,"Y",33
"FS_FIADB","PLOT","MODIFIED_DATE","DATE",7,NA,NA,"Y",34
"FS_FIADB","PLOT","MODIFIED_IN_INSTANCE","VARCHAR2",6,NA,NA,"Y",35
"FS_FIADB","PLOT","MICROPLOT_LOC","VARCHAR2",12,NA,NA,"Y",36
"FS_FIADB","PLOT","DECLINATION","NUMBER",22,4,1,"Y",37
"FS_FIADB","PLOT","SAMP_METHOD_CD","NUMBER",22,1,0,"Y",38
"FS_FIADB","PLOT","SUBP_EXAMINE_CD","NUMBER",22,1,0,"N",39
"FS_FIADB","PLOT","MACRO_BREAKPOINT_DIA","NUMBER",22,2,0,"Y",40
"FS_FIADB","PLOT","INTENSITY","VARCHAR2",3,NA,NA,"Y",41
"FS_FIADB","PLOT","CYCLE","NUMBER",22,2,0,"Y",42
"FS_FIADB","PLOT","SUBCYCLE","NUMBER",22,2,0,"Y",43
"FS_FIADB","PLOT","TOPO_POSITION_PNW","VARCHAR2",2,NA,NA,"Y",44
"FS_FIADB","PLOT","NF_SAMPLING_STATUS_CD","NUMBER",22,1,0,"Y",45
"FS_FIADB","PLOT","NF_PLOT_STATUS_CD","NUMBER",22,1,0,"Y",46
"FS_FIADB","PLOT","NF_PLOT_NONSAMPLE_REASN_CD","NUMBER",22,2,0,"Y",47
"FS_FIADB","PLOT","P2VEG_SAMPLING_STATUS_CD","NUMBER",22,1,0,"Y",48
"FS_FIADB","PLOT","P2VEG_SAMPLING_LEVEL_DETAIL_CD","NUMBER",22,1,0,"Y",49
"FS_FIADB","PLOT","INVASIVE_SAMPLING_STATUS_CD","NUMBER",22,1,0,"Y",50
"FS_FIADB","PLOT","INVASIVE_SPECIMEN_RULE_CD","NUMBER",22,1,0,"Y",51
"FS_FIADB","PLOT","DESIGNCD_P2A","NUMBER",22,4,0,"Y",52
"FS_FIADB","PLOT","MANUAL_DB","NUMBER",22,3,1,"Y",53
"FS_FIADB","PLOT","SUBPANEL","NUMBER",22,2,0,"Y",54
"FS_FIADB","PLOT","FUTFORCD_RMRS","NUMBER",22,1,0,"Y",55
"FS_FIADB","PLOT","MANUAL_NCRS","NUMBER",22,4,2,"Y",56
"FS_FIADB","PLOT","MANUAL_NERS","NUMBER",22,4,2,"Y",57
"FS_FIADB","PLOT","MANUAL_RMRS","NUMBER",22,4,2,"Y",58
"FS_FIADB","PLOT","PAC_ISLAND_PNWRS","VARCHAR2",20,NA,NA,"Y",59
"FS_FIADB","PLOT","PLOT_SEASON_NERS","NUMBER",22,1,0,"Y",60
"FS_FIADB","PLOT","PREV_MICROPLOT_LOC_RMRS","VARCHAR2",12,NA,NA,"Y",61
"FS_FIADB","PLOT","PREV_PLOT_STATUS_CD_RMRS","NUMBER",22,1,0,"Y",62
"FS_FIADB","PLOT","REUSECD1","NUMBER",22,2,0,"Y",63
"FS_FIADB","PLOT","REUSECD2","NUMBER",22,2,0,"Y",64
"FS_FIADB","PLOT","REUSECD3","NUMBER",22,2,0,"Y",65
"FS_FIADB","PLOT","GRND_LYR_SAMPLING_STATUS_CD","NUMBER",22,1,0,"Y",66
"FS_FIADB","PLOT","GRND_LYR_SAMPLING_METHOD_CD","NUMBER",22,1,0,"Y",67
"FS_FIADB","PLOTGEOM","CN","VARCHAR2",34,NA,NA,"N",1
"FS_FIADB","PLOTGEOM","STATECD","NUMBER",22,NA,NA,"Y",2
"FS_FIADB","PLOTGEOM","INVYR","NUMBER",22,NA,NA,"Y",3
"FS_FIADB","PLOTGEOM","UNITCD","NUMBER",22,NA,NA,"Y",4
"FS_FIADB","PLOTGEOM","COUNTYCD","NUMBER",22,NA,NA,"Y",5
"FS_FIADB","PLOTGEOM","PLOT","NUMBER",22,NA,NA,"Y",6
"FS_FIADB","PLOTGEOM","LAT","NUMBER",22,NA,NA,"Y",7
"FS_FIADB","PLOTGEOM","LON","NUMBER",22,NA,NA,"Y",8
"FS_FIADB","PLOTGEOM","CONGCD","NUMBER",22,NA,NA,"Y",9
"FS_FIADB","PLOTGEOM","ECOSUBCD","VARCHAR2",7,NA,NA,"Y",10
"FS_FIADB","PLOTGEOM","HUC","NUMBER",22,NA,NA,"Y",11
"FS_FIADB","PLOTGEOM","EMAP_HEX","NUMBER",22,NA,NA,"Y",12
"FS_FIADB","PLOTGEOM","FIPSCOUNTY","NUMBER",22,NA,NA,"Y",13
"FS_FIADB","PLOTGEOM","ROADLESSCD","VARCHAR2",4,NA,NA,"Y",14
"FS_FIADB","PLOTGEOM","CREATED_BY","VARCHAR2",30,NA,NA,"Y",15
"FS_FIADB","PLOTGEOM","CREATED_DATE","DATE",7,NA,NA,"Y",16
"FS_FIADB","PLOTGEOM","CREATED_IN_INSTANCE","NUMBER",22,6,0,"Y",17
"FS_FIADB","PLOTGEOM","MODIFIED_BY","VARCHAR2",30,NA,NA,"Y",18
"FS_FIADB","PLOTGEOM","MODIFIED_DATE","DATE",7,NA,NA,"Y",19
"FS_FIADB","PLOTGEOM","MODIFIED_IN_INSTANCE","NUMBER",22,6,0,"Y",20
"FS_FIADB","PLOTGEOM","ALP_ADFORCD","NUMBER",22,NA,NA,"Y",21
"FS_FIADB","PLOTGEOM","FVS_VARIANT","VARCHAR2",2,NA,NA,"Y",22
"FS_FIADB","PLOTGEOM","FVS_LOC_CD","NUMBER",22,6,0,"Y",23
"FS_FIADB","PLOTGEOM","FVS_REGION","NUMBER",22,2,0,"Y",24
"FS_FIADB","PLOTGEOM","FVS_FOREST","NUMBER",22,2,0,"Y",25
"FS_FIADB","PLOTGEOM","FVS_DISTRICT","NUMBER",22,2,0,"Y",26
"FS_FIADB","PLOTGEOM","ECO_UNIT_PNW","VARCHAR2",10,NA,NA,"Y",27
"FS_FIADB","PLOTGEOM","PRECIPITATION","NUMBER",22,NA,NA,"Y",28
"FS_FIADB","PLOTSNAP","CN","VARCHAR2",34,NA,NA,"N",1
"FS_FIADB","PLOTSNAP","SRV_CN","VARCHAR2",34,NA,NA,"N",2
"FS_FIADB","PLOTSNAP","CTY_CN","VARCHAR2",34,NA,NA,"N",3
"FS_FIADB","PLOTSNAP","PREV_PLT_CN","VARCHAR2",34,NA,NA,"Y",4
"FS_FIADB","PLOTSNAP","INVYR","NUMBER",22,4,0,"N",5
"FS_FIADB","PLOTSNAP","STATECD","NUMBER",22,4,0,"N",6
"FS_FIADB","PLOTSNAP","UNITCD","NUMBER",22,2,0,"N",7
"FS_FIADB","PLOTSNAP","COUNTYCD","NUMBER",22,3,0,"N",8
"FS_FIADB","PLOTSNAP","PLOT","NUMBER",22,5,0,"N",9
"FS_FIADB","PLOTSNAP","PLOT_STATUS_CD","NUMBER",22,1,0,"Y",10
"FS_FIADB","PLOTSNAP","PLOT_NONSAMPLE_REASN_CD","NUMBER",22,2,0,"Y",11
"FS_FIADB","PLOTSNAP","MEASYEAR","NUMBER",22,4,0,"Y",12
"FS_FIADB","PLOTSNAP","MEASMON","NUMBER",22,2,0,"Y",13
"FS_FIADB","PLOTSNAP","MEASDAY","NUMBER",22,2,0,"Y",14
"FS_FIADB","PLOTSNAP","REMPER","NUMBER",22,3,1,"Y",15
"FS_FIADB","PLOTSNAP","KINDCD","NUMBER",22,2,0,"N",16
"FS_FIADB","PLOTSNAP","DESIGNCD","NUMBER",22,4,0,"Y",17
"FS_FIADB","PLOTSNAP","RDDISTCD","NUMBER",22,2,0,"Y",18
"FS_FIADB","PLOTSNAP","WATERCD","NUMBER",22,2,0,"Y",19
"FS_FIADB","PLOTSNAP","LAT","NUMBER",22,8,6,"Y",20
"FS_FIADB","PLOTSNAP","LON","NUMBER",22,9,6,"Y",21
"FS_FIADB","PLOTSNAP","ELEV","NUMBER",22,5,0,"Y",22
"FS_FIADB","PLOTSNAP","GROW_TYP_CD","NUMBER",22,2,0,"Y",23
"FS_FIADB","PLOTSNAP","MORT_TYP_CD","NUMBER",22,2,0,"Y",24
"FS_FIADB","PLOTSNAP","P2PANEL","NUMBER",22,2,0,"Y",25
"FS_FIADB","PLOTSNAP","P3PANEL","NUMBER",22,2,0,"Y",26
"FS_FIADB","PLOTSNAP","ECOSUBCD","VARCHAR2",7,NA,NA,"Y",27
"FS_FIADB","PLOTSNAP","CONGCD","NUMBER",22,NA,NA,"Y",28
"FS_FIADB","PLOTSNAP","MANUAL","NUMBER",22,3,1,"N",29
"FS_FIADB","PLOTSNAP","MANUAL_DB","NUMBER",22,3,1,"Y",30
"FS_FIADB","PLOTSNAP","SUBPANEL","NUMBER",22,2,0,"Y",31
"FS_FIADB","PLOTSNAP","KINDCD_NC","NUMBER",22,2,0,"Y",32
"FS_FIADB","PLOTSNAP","QA_STATUS","NUMBER",22,1,0,"Y",33
"FS_FIADB","PLOTSNAP","CREATED_BY","VARCHAR2",30,NA,NA,"Y",34
"FS_FIADB","PLOTSNAP","CREATED_DATE","DATE",7,NA,NA,"Y",35
"FS_FIADB","PLOTSNAP","CREATED_IN_INSTANCE","VARCHAR2",6,NA,NA,"Y",36
"FS_FIADB","PLOTSNAP","MODIFIED_BY","VARCHAR2",30,NA,NA,"Y",37
"FS_FIADB","PLOTSNAP","MODIFIED_DATE","DATE",7,NA,NA,"Y",38
"FS_FIADB","PLOTSNAP","MODIFIED_IN_INSTANCE","VARCHAR2",6,NA,NA,"Y",39
"FS_FIADB","PLOTSNAP","MICROPLOT_LOC","VARCHAR2",12,NA,NA,"Y",40
"FS_FIADB","PLOTSNAP","DECLINATION","NUMBER",22,4,1,"Y",41
"FS_FIADB","PLOTSNAP","EMAP_HEX","NUMBER",22,NA,NA,"Y",42
"FS_FIADB","PLOTSNAP","SAMP_METHOD_CD","NUMBER",22,1,0,"Y",43
"FS_FIADB","PLOTSNAP","SUBP_EXAMINE_CD","NUMBER",22,1,0,"N",44
"FS_FIADB","PLOTSNAP","MACRO_BREAKPOINT_DIA","NUMBER",22,2,0,"Y",45
"FS_FIADB","PLOTSNAP","INTENSITY","VARCHAR2",3,NA,NA,"Y",46
"FS_FIADB","PLOTSNAP","CYCLE","NUMBER",22,2,0,"Y",47
"FS_FIADB","PLOTSNAP","SUBCYCLE","NUMBER",22,2,0,"Y",48
"FS_FIADB","PLOTSNAP","ECO_UNIT_PNW","VARCHAR2",10,NA,NA,"Y",49
"FS_FIADB","PLOTSNAP","TOPO_POSITION_PNW","VARCHAR2",2,NA,NA,"Y",50
"FS_FIADB","PLOTSNAP","EVAL_GRP_CN","VARCHAR2",34,NA,NA,"N",51
"FS_FIADB","PLOTSNAP","EVAL_GRP","NUMBER",22,6,0,"N",52
"FS_FIADB","PLOTSNAP","EXPALL","NUMBER",22,NA,NA,"Y",53
"FS_FIADB","PLOTSNAP","EXPCURR","NUMBER",22,NA,NA,"Y",54
"FS_FIADB","PLOTSNAP","EXPVOL","NUMBER",22,NA,NA,"Y",55
"FS_FIADB","PLOTSNAP","EXPGROW","NUMBER",22,NA,NA,"Y",56
"FS_FIADB","PLOTSNAP","EXPMORT","NUMBER",22,NA,NA,"Y",57
"FS_FIADB","PLOTSNAP","EXPREMV","NUMBER",22,NA,NA,"Y",58
"FS_FIADB","PLOTSNAP","EXPCHNG","NUMBER",22,NA,NA,"Y",59
"FS_FIADB","PLOTSNAP","EXPDWM","NUMBER",22,NA,NA,"Y",60
"FS_FIADB","PLOTSNAP","EXPREGEN","NUMBER",22,NA,NA,"Y",61
"FS_FIADB","PLOTSNAP","EXPINV","NUMBER",22,NA,NA,"Y",62
"FS_FIADB","PLOTSNAP","EXPP2VEG","NUMBER",22,NA,NA,"Y",63
"FS_FIADB","PLOTSNAP","EXPSOIL","NUMBER",22,NA,NA,"Y",64
"FS_FIADB","PLOTSNAP","EXPCRWN","NUMBER",22,NA,NA,"Y",65
"FS_FIADB","PLOTSNAP","EXPGRNDLYR","NUMBER",22,NA,NA,"Y",66
"FS_FIADB","PLOTSNAP","ADJ_EXPALL","NUMBER",22,NA,NA,"Y",67
"FS_FIADB","PLOTSNAP","ADJ_EXPCURR","NUMBER",22,NA,NA,"Y",68
"FS_FIADB","PLOTSNAP","ADJ_EXPVOL_MACR","NUMBER",22,NA,NA,"Y",69
"FS_FIADB","PLOTSNAP","ADJ_EXPVOL_SUBP","NUMBER",22,NA,NA,"Y",70
"FS_FIADB","PLOTSNAP","ADJ_EXPVOL_MICR","NUMBER",22,NA,NA,"Y",71
"FS_FIADB","PLOTSNAP","ADJ_EXPGROW_MACR","NUMBER",22,NA,NA,"Y",72
"FS_FIADB","PLOTSNAP","ADJ_EXPGROW_SUBP","NUMBER",22,NA,NA,"Y",73
"FS_FIADB","PLOTSNAP","ADJ_EXPGROW_MICR","NUMBER",22,NA,NA,"Y",74
"FS_FIADB","PLOTSNAP","ADJ_EXPMORT_MACR","NUMBER",22,NA,NA,"Y",75
"FS_FIADB","PLOTSNAP","ADJ_EXPMORT_SUBP","NUMBER",22,NA,NA,"Y",76
"FS_FIADB","PLOTSNAP","ADJ_EXPMORT_MICR","NUMBER",22,NA,NA,"Y",77
"FS_FIADB","PLOTSNAP","ADJ_EXPREMV_MACR","NUMBER",22,NA,NA,"Y",78
"FS_FIADB","PLOTSNAP","ADJ_EXPREMV_SUBP","NUMBER",22,NA,NA,"Y",79
"FS_FIADB","PLOTSNAP","ADJ_EXPREMV_MICR","NUMBER",22,NA,NA,"Y",80
"FS_FIADB","PLOTSNAP","ADJ_EXPCHNG_MACR","NUMBER",22,NA,NA,"Y",81
"FS_FIADB","PLOTSNAP","ADJ_EXPCHNG_SUBP","NUMBER",22,NA,NA,"Y",82
"FS_FIADB","PLOTSNAP","ADJ_EXPCHNG_MICR","NUMBER",22,NA,NA,"Y",83
"FS_FIADB","PLOTSNAP","ADJ_EXPDWM_CWD","NUMBER",22,NA,NA,"Y",84
"FS_FIADB","PLOTSNAP","ADJ_EXPDWM_FWD_SM","NUMBER",22,NA,NA,"Y",85
"FS_FIADB","PLOTSNAP","ADJ_EXPDWM_FWD_LG","NUMBER",22,NA,NA,"Y",86
"FS_FIADB","PLOTSNAP","ADJ_EXPDWM_DUFF","NUMBER",22,NA,NA,"Y",87
"FS_FIADB","PLOTSNAP","ADJ_EXPDWM_PILE","NUMBER",22,NA,NA,"Y",88
"FS_FIADB","PLOTSNAP","ADJ_EXPREGEN_MICR","NUMBER",22,NA,NA,"Y",89
"FS_FIADB","PLOTSNAP","ADJ_EXPINV_SUBP","NUMBER",22,NA,NA,"Y",90
"FS_FIADB","PLOTSNAP","ADJ_EXPP2VEG_SUBP","NUMBER",22,NA,NA,"Y",91
"FS_FIADB","PLOTSNAP","ADJ_EXPSOIL","NUMBER",22,NA,NA,"Y",92
"FS_FIADB","PLOTSNAP","ADJ_EXPGRNDLYR_MICROQUAD","NUMBER",22,NA,NA,"Y",93
"FS_FIADB","PLOT_REGEN","CN","VARCHAR2",34,NA,NA,"N",1
"FS_FIADB","PLOT_REGEN","PLT_CN","VARCHAR2",34,NA,NA,"N",2
"FS_FIADB","PLOT_REGEN","INVYR","NUMBER",22,4,0,"N",3
"FS_FIADB","PLOT_REGEN","STATECD","NUMBER",22,4,0,"N",4
"FS_FIADB","PLOT_REGEN","UNITCD","NUMBER",22,2,0,"N",5
"FS_FIADB","PLOT_REGEN","COUNTYCD","NUMBER",22,3,0,"N",6
"FS_FIADB","PLOT_REGEN","PLOT","NUMBER",22,5,0,"N",7
"FS_FIADB","PLOT_REGEN","BROWSE_IMPACT","NUMBER",22,1,0,"Y",8
"FS_FIADB","PLOT_REGEN","CREATED_BY","VARCHAR2",30,NA,NA,"Y",9
"FS_FIADB","PLOT_REGEN","CREATED_DATE","DATE",7,NA,NA,"Y",10
"FS_FIADB","PLOT_REGEN","CREATED_IN_INSTANCE","VARCHAR2",6,NA,NA,"Y",11
"FS_FIADB","PLOT_REGEN","MODIFIED_BY","VARCHAR2",30,NA,NA,"Y",12
"FS_FIADB","PLOT_REGEN","MODIFIED_DATE","DATE",7,NA,NA,"Y",13
"FS_FIADB","PLOT_REGEN","MODIFIED_IN_INSTANCE","VARCHAR2",6,NA,NA,"Y",14
"FS_FIADB","PLOT_REGEN","CYCLE","NUMBER",22,2,0,"Y",15
"FS_FIADB","PLOT_REGEN","SUBCYCLE","NUMBER",22,2,0,"Y",16
"FS_FIADB","POP_ESTN_UNIT","CN","VARCHAR2",34,NA,NA,"N",1
"FS_FIADB","POP_ESTN_UNIT","EVAL_CN","VARCHAR2",34,NA,NA,"N",2
"FS_FIADB","POP_ESTN_UNIT","RSCD","NUMBER",22,2,0,"N",3
"FS_FIADB","POP_ESTN_UNIT","EVALID","NUMBER",22,6,0,"N",4
"FS_FIADB","POP_ESTN_UNIT","ESTN_UNIT","NUMBER",22,6,0,"N",5
"FS_FIADB","POP_ESTN_UNIT","ESTN_UNIT_DESCR","VARCHAR2",255,NA,NA,"Y",6
"FS_FIADB","POP_ESTN_UNIT","STATECD","NUMBER",22,4,0,"N",7
"FS_FIADB","POP_ESTN_UNIT","AREALAND_EU","NUMBER",22,12,2,"Y",8
"FS_FIADB","POP_ESTN_UNIT","AREATOT_EU","NUMBER",22,12,2,"Y",9
"FS_FIADB","POP_ESTN_UNIT","AREA_USED","NUMBER",22,12,2,"Y",10
"FS_FIADB","POP_ESTN_UNIT","AREA_SOURCE","VARCHAR2",50,NA,NA,"Y",11
"FS_FIADB","POP_ESTN_UNIT","P1PNTCNT_EU","NUMBER",22,12,0,"Y",12
"FS_FIADB","POP_ESTN_UNIT","P1SOURCE","VARCHAR2",50,NA,NA,"Y",13
"FS_FIADB","POP_ESTN_UNIT","CREATED_BY","VARCHAR2",30,NA,NA,"Y",14
"FS_FIADB","POP_ESTN_UNIT","CREATED_DATE","DATE",7,NA,NA,"Y",15
"FS_FIADB","POP_ESTN_UNIT","CREATED_IN_INSTANCE","VARCHAR2",6,NA,NA,"Y",16
"FS_FIADB","POP_ESTN_UNIT","MODIFIED_BY","VARCHAR2",30,NA,NA,"Y",17
"FS_FIADB","POP_ESTN_UNIT","MODIFIED_DATE","DATE",7,NA,NA,"Y",18
"FS_FIADB","POP_ESTN_UNIT","MODIFIED_IN_INSTANCE","VARCHAR2",6,NA,NA,"Y",19
"FS_FIADB","POP_EVAL","CN","VARCHAR2",34,NA,NA,"N",1
"FS_FIADB","POP_EVAL","EVAL_GRP_CN","VARCHAR2",34,NA,NA,"Y",2
"FS_FIADB","POP_EVAL","RSCD","NUMBER",22,2,0,"N",3
"FS_FIADB","POP_EVAL","EVALID","NUMBER",22,6,0,"N",4
"FS_FIADB","POP_EVAL","EVAL_DESCR","VARCHAR2",255,NA,NA,"Y",5
"FS_FIADB","POP_EVAL","STATECD","NUMBER",22,4,0,"N",6
"FS_FIADB","POP_EVAL","LOCATION_NM","VARCHAR2",255,NA,NA,"Y",7
"FS_FIADB","POP_EVAL","REPORT_YEAR_NM","VARCHAR2",255,NA,NA,"Y",8
"FS_FIADB","POP_EVAL","START_INVYR","NUMBER",22,4,0,"Y",9
"FS_FIADB","POP_EVAL","END_INVYR","NUMBER",22,4,0,"Y",10
"FS_FIADB","POP_EVAL","LAND_ONLY","VARCHAR2",1,NA,NA,"Y",11
"FS_FIADB","POP_EVAL","TIMBERLAND_ONLY","VARCHAR2",1,NA,NA,"Y",12
"FS_FIADB","POP_EVAL","GROWTH_ACCT","VARCHAR2",1,NA,NA,"Y",13
"FS_FIADB","POP_EVAL","ESTN_METHOD","VARCHAR2",40,NA,NA,"Y",14
"FS_FIADB","POP_EVAL","NOTES","VARCHAR2",2000,NA,NA,"Y",15
"FS_FIADB","POP_EVAL","CREATED_BY","VARCHAR2",30,NA,NA,"Y",16
"FS_FIADB","POP_EVAL","CREATED_DATE","DATE",7,NA,NA,"Y",17
"FS_FIADB","POP_EVAL","CREATED_IN_INSTANCE","VARCHAR2",6,NA,NA,"Y",18
"FS_FIADB","POP_EVAL","MODIFIED_BY","VARCHAR2",30,NA,NA,"Y",19
"FS_FIADB","POP_EVAL","MODIFIED_DATE","DATE",7,NA,NA,"Y",20
"FS_FIADB","POP_EVAL","MODIFIED_IN_INSTANCE","VARCHAR2",6,NA,NA,"Y",21
"FS_FIADB","POP_EVAL_ATTRIBUTE","CN","VARCHAR2",34,NA,NA,"N",1
"FS_FIADB","POP_EVAL_ATTRIBUTE","EVAL_CN","VARCHAR2",34,NA,NA,"N",2
"FS_FIADB","POP_EVAL_ATTRIBUTE","ATTRIBUTE_NBR","NUMBER",22,6,0,"N",3
"FS_FIADB","POP_EVAL_ATTRIBUTE","STATECD","NUMBER",22,4,0,"Y",4
"FS_FIADB","POP_EVAL_ATTRIBUTE","CREATED_BY","VARCHAR2",30,NA,NA,"Y",5
"FS_FIADB","POP_EVAL_ATTRIBUTE","CREATED_DATE","DATE",7,NA,NA,"Y",6
"FS_FIADB","POP_EVAL_ATTRIBUTE","CREATED_IN_INSTANCE","VARCHAR2",6,NA,NA,"Y",7
"FS_FIADB","POP_EVAL_ATTRIBUTE","MODIFIED_BY","VARCHAR2",30,NA,NA,"Y",8
"FS_FIADB","POP_EVAL_ATTRIBUTE","MODIFIED_DATE","DATE",7,NA,NA,"Y",9
"FS_FIADB","POP_EVAL_ATTRIBUTE","MODIFIED_IN_INSTANCE","VARCHAR2",6,NA,NA,"Y",10
"FS_FIADB","POP_EVAL_GRP","CN","VARCHAR2",34,NA,NA,"N",1
"FS_FIADB","POP_EVAL_GRP","RSCD","NUMBER",22,2,0,"N",2
"FS_FIADB","POP_EVAL_GRP","EVAL_GRP","NUMBER",22,6,0,"N",3
"FS_FIADB","POP_EVAL_GRP","EVAL_GRP_DESCR","VARCHAR2",255,NA,NA,"Y",4
"FS_FIADB","POP_EVAL_GRP","STATECD","NUMBER",22,4,0,"N",5
"FS_FIADB","POP_EVAL_GRP","NOTES","VARCHAR2",2000,NA,NA,"Y",6
"FS_FIADB","POP_EVAL_GRP","CREATED_BY","VARCHAR2",30,NA,NA,"Y",7
"FS_FIADB","POP_EVAL_GRP","CREATED_DATE","DATE",7,NA,NA,"Y",8
"FS_FIADB","POP_EVAL_GRP","CREATED_IN_INSTANCE","VARCHAR2",6,NA,NA,"Y",9
"FS_FIADB","POP_EVAL_GRP","MODIFIED_BY","VARCHAR2",30,NA,NA,"Y",10
"FS_FIADB","POP_EVAL_GRP","MODIFIED_DATE","DATE",7,NA,NA,"Y",11
"FS_FIADB","POP_EVAL_GRP","MODIFIED_IN_INSTANCE","VARCHAR2",6,NA,NA,"Y",12
"FS_FIADB","POP_EVAL_TYP","CN","VARCHAR2",34,NA,NA,"N",1
"FS_FIADB","POP_EVAL_TYP","EVAL_GRP_CN","VARCHAR2",34,NA,NA,"Y",2
"FS_FIADB","POP_EVAL_TYP","EVAL_CN","VARCHAR2",34,NA,NA,"N",3
"FS_FIADB","POP_EVAL_TYP","EVAL_TYP","VARCHAR2",15,NA,NA,"Y",4
"FS_FIADB","POP_EVAL_TYP","CREATED_BY","VARCHAR2",30,NA,NA,"Y",5
"FS_FIADB","POP_EVAL_TYP","CREATED_DATE","DATE",7,NA,NA,"Y",6
"FS_FIADB","POP_EVAL_TYP","CREATED_IN_INSTANCE","VARCHAR2",6,NA,NA,"Y",7
"FS_FIADB","POP_EVAL_TYP","MODIFIED_BY","VARCHAR2",30,NA,NA,"Y",8
"FS_FIADB","POP_EVAL_TYP","MODIFIED_DATE","DATE",7,NA,NA,"Y",9
"FS_FIADB","POP_EVAL_TYP","MODIFIED_IN_INSTANCE","VARCHAR2",6,NA,NA,"Y",10
"FS_FIADB","POP_PLOT_STRATUM_ASSGN","CN","VARCHAR2",34,NA,NA,"N",1
"FS_FIADB","POP_PLOT_STRATUM_ASSGN","STRATUM_CN","VARCHAR2",34,NA,NA,"N",2
"FS_FIADB","POP_PLOT_STRATUM_ASSGN","PLT_CN","VARCHAR2",34,NA,NA,"N",3
"FS_FIADB","POP_PLOT_STRATUM_ASSGN","STATECD","NUMBER",22,4,0,"N",4
"FS_FIADB","POP_PLOT_STRATUM_ASSGN","INVYR","NUMBER",22,4,0,"N",5
"FS_FIADB","POP_PLOT_STRATUM_ASSGN","UNITCD","NUMBER",22,2,0,"N",6
"FS_FIADB","POP_PLOT_STRATUM_ASSGN","COUNTYCD","NUMBER",22,3,0,"N",7
"FS_FIADB","POP_PLOT_STRATUM_ASSGN","PLOT","NUMBER",22,5,0,"N",8
"FS_FIADB","POP_PLOT_STRATUM_ASSGN","RSCD","NUMBER",22,2,0,"N",9
"FS_FIADB","POP_PLOT_STRATUM_ASSGN","EVALID","NUMBER",22,6,0,"N",10
"FS_FIADB","POP_PLOT_STRATUM_ASSGN","ESTN_UNIT","NUMBER",22,6,0,"N",11
"FS_FIADB","POP_PLOT_STRATUM_ASSGN","STRATUMCD","NUMBER",22,6,0,"N",12
"FS_FIADB","POP_PLOT_STRATUM_ASSGN","CREATED_BY","VARCHAR2",30,NA,NA,"Y",13
"FS_FIADB","POP_PLOT_STRATUM_ASSGN","CREATED_DATE","DATE",7,NA,NA,"Y",14
"FS_FIADB","POP_PLOT_STRATUM_ASSGN","CREATED_IN_INSTANCE","VARCHAR2",6,NA,NA,"Y",15
"FS_FIADB","POP_PLOT_STRATUM_ASSGN","MODIFIED_BY","VARCHAR2",30,NA,NA,"Y",16
"FS_FIADB","POP_PLOT_STRATUM_ASSGN","MODIFIED_DATE","DATE",7,NA,NA,"Y",17
"FS_FIADB","POP_PLOT_STRATUM_ASSGN","MODIFIED_IN_INSTANCE","VARCHAR2",6,NA,NA,"Y",18
"FS_FIADB","POP_STRATUM","CN","VARCHAR2",34,NA,NA,"N",1
"FS_FIADB","POP_STRATUM","ESTN_UNIT_CN","VARCHAR2",34,NA,NA,"N",2
"FS_FIADB","POP_STRATUM","RSCD","NUMBER",22,2,0,"N",3
"FS_FIADB","POP_STRATUM","EVALID","NUMBER",22,6,0,"N",4
"FS_FIADB","POP_STRATUM","ESTN_UNIT","NUMBER",22,6,0,"N",5
"FS_FIADB","POP_STRATUM","STRATUMCD","NUMBER",22,6,0,"N",6
"FS_FIADB","POP_STRATUM","STRATUM_DESCR","VARCHAR2",255,NA,NA,"N",7
"FS_FIADB","POP_STRATUM","STATECD","NUMBER",22,4,0,"N",8
"FS_FIADB","POP_STRATUM","P1POINTCNT","NUMBER",22,12,0,"Y",9
"FS_FIADB","POP_STRATUM","P2POINTCNT","NUMBER",22,12,0,"Y",10
"FS_FIADB","POP_STRATUM","EXPNS","NUMBER",22,NA,NA,"Y",11
"FS_FIADB","POP_STRATUM","ADJ_FACTOR_MACR","NUMBER",22,NA,NA,"Y",12
"FS_FIADB","POP_STRATUM","ADJ_FACTOR_SUBP","NUMBER",22,NA,NA,"Y",13
"FS_FIADB","POP_STRATUM","ADJ_FACTOR_MICR","NUMBER",22,NA,NA,"Y",14
"FS_FIADB","POP_STRATUM","ADJ_FACTOR_CWD","NUMBER",22,NA,NA,"Y",15
"FS_FIADB","POP_STRATUM","ADJ_FACTOR_FWD_SM","NUMBER",22,NA,NA,"Y",16
"FS_FIADB","POP_STRATUM","ADJ_FACTOR_FWD_LG","NUMBER",22,NA,NA,"Y",17
"FS_FIADB","POP_STRATUM","ADJ_FACTOR_DUFF","NUMBER",22,NA,NA,"Y",18
"FS_FIADB","POP_STRATUM","CREATED_BY","VARCHAR2",30,NA,NA,"Y",19
"FS_FIADB","POP_STRATUM","CREATED_DATE","DATE",7,NA,NA,"Y",20
"FS_FIADB","POP_STRATUM","CREATED_IN_INSTANCE","VARCHAR2",6,NA,NA,"Y",21
"FS_FIADB","POP_STRATUM","MODIFIED_BY","VARCHAR2",30,NA,NA,"Y",22
"FS_FIADB","POP_STRATUM","MODIFIED_DATE","DATE",7,NA,NA,"Y",23
"FS_FIADB","POP_STRATUM","MODIFIED_IN_INSTANCE","VARCHAR2",6,NA,NA,"Y",24
"FS_FIADB","POP_STRATUM","ADJ_FACTOR_PILE","NUMBER",22,NA,NA,"Y",25
"FS_FIADB","POP_STRATUM","ADJ_FACTOR_REGEN_MICR","NUMBER",22,NA,NA,"Y",26
"FS_FIADB","POP_STRATUM","ADJ_FACTOR_INV_SUBP","NUMBER",22,NA,NA,"Y",27
"FS_FIADB","POP_STRATUM","ADJ_FACTOR_P2VEG_SUBP","NUMBER",22,NA,NA,"Y",28
"FS_FIADB","POP_STRATUM","ADJ_FACTOR_GRNDLYR_MICROQUAD","NUMBER",22,NA,NA,"Y",29
"FS_FIADB","POP_STRATUM","ADJ_FACTOR_SOIL","NUMBER",22,NA,NA,"Y",30
"FS_FIADB","PROJECT","CN","VARCHAR2",34,NA,NA,"N",1
"FS_FIADB","PROJECT","RSCD","NUMBER",22,2,0,"N",2
"FS_FIADB","PROJECT","NAME","VARCHAR2",200,NA,NA,"N",3
"FS_FIADB","PROJECT","CREATED_BY","VARCHAR2",30,NA,NA,"Y",4
"FS_FIADB","PROJECT","CREATED_DATE","DATE",7,NA,NA,"Y",5
"FS_FIADB","PROJECT","CREATED_IN_INSTANCE","VARCHAR2",6,NA,NA,"Y",6
"FS_FIADB","PROJECT","MODIFIED_BY","VARCHAR2",30,NA,NA,"Y",7
"FS_FIADB","PROJECT","MODIFIED_DATE","DATE",7,NA,NA,"Y",8
"FS_FIADB","PROJECT","MODIFIED_IN_INSTANCE","VARCHAR2",6,NA,NA,"Y",9
"FS_FIADB","REF_CITATION","CITATION_NBR","NUMBER",22,7,0,"N",1
"FS_FIADB","REF_CITATION","CITATION","VARCHAR2",2000,NA,NA,"Y",2
"FS_FIADB","REF_CITATION","CREATED_BY","VARCHAR2",30,NA,NA,"Y",3
"FS_FIADB","REF_CITATION","CREATED_DATE","DATE",7,NA,NA,"Y",4
"FS_FIADB","REF_CITATION","CREATED_IN_INSTANCE","VARCHAR2",6,NA,NA,"Y",5
"FS_FIADB","REF_CITATION","MODIFIED_BY","VARCHAR2",30,NA,NA,"Y",6
"FS_FIADB","REF_CITATION","MODIFIED_DATE","DATE",7,NA,NA,"Y",7
"FS_FIADB","REF_CITATION","MODIFIED_IN_INSTANCE","VARCHAR2",6,NA,NA,"Y",8
"FS_FIADB","REF_DAMAGE_AGENT","CODE","NUMBER",22,5,0,"N",1
"FS_FIADB","REF_DAMAGE_AGENT","COMMON_NAME","VARCHAR2",80,NA,NA,"N",2
"FS_FIADB","REF_DAMAGE_AGENT","SCIENTIFIC_NAME","VARCHAR2",80,NA,NA,"Y",3
"FS_FIADB","REF_DAMAGE_AGENT","THRESHOLD","VARCHAR2",2000,NA,NA,"Y",4
"FS_FIADB","REF_DAMAGE_AGENT","CREATED_BY","VARCHAR2",30,NA,NA,"Y",5
"FS_FIADB","REF_DAMAGE_AGENT","CREATED_DATE","DATE",7,NA,NA,"Y",6
"FS_FIADB","REF_DAMAGE_AGENT","CREATED_IN_INSTANCE","VARCHAR2",6,NA,NA,"Y",7
"FS_FIADB","REF_DAMAGE_AGENT","MODIFIED_BY","VARCHAR2",30,NA,NA,"Y",8
"FS_FIADB","REF_DAMAGE_AGENT","MODIFIED_DATE","DATE",7,NA,NA,"Y",9
"FS_FIADB","REF_DAMAGE_AGENT","MODIFIED_IN_INSTANCE","VARCHAR2",6,NA,NA,"Y",10
"FS_FIADB","REF_DAMAGE_AGENT","DAG_CODE","NUMBER",22,5,0,"Y",11
"FS_FIADB","REF_DAMAGE_AGENT_GROUP","CODE","NUMBER",22,5,0,"N",1
"FS_FIADB","REF_DAMAGE_AGENT_GROUP","DESCRIPTION","VARCHAR2",80,NA,NA,"N",2
"FS_FIADB","REF_DAMAGE_AGENT_GROUP","CREATED_BY","VARCHAR2",30,NA,NA,"Y",3
"FS_FIADB","REF_DAMAGE_AGENT_GROUP","CREATED_DATE","DATE",7,NA,NA,"Y",4
"FS_FIADB","REF_DAMAGE_AGENT_GROUP","CREATED_IN_INSTANCE","VARCHAR2",6,NA,NA,"Y",5
"FS_FIADB","REF_DAMAGE_AGENT_GROUP","MODIFIED_BY","VARCHAR2",30,NA,NA,"Y",6
"FS_FIADB","REF_DAMAGE_AGENT_GROUP","MODIFIED_DATE","DATE",7,NA,NA,"Y",7
"FS_FIADB","REF_DAMAGE_AGENT_GROUP","MODIFIED_IN_INSTANCE","VARCHAR2",6,NA,NA,"Y",8
"FS_FIADB","REF_DIFFERENCE_TEST_PER_ACRE","CN","VARCHAR2",34,NA,NA,"N",1
"FS_FIADB","REF_DIFFERENCE_TEST_PER_ACRE","COMPARISON","VARCHAR2",4000,NA,NA,"N",2
"FS_FIADB","REF_DIFFERENCE_TEST_PER_ACRE","COMPARISON_TYPE","VARCHAR2",4000,NA,NA,"N",3
"FS_FIADB","REF_DIFFERENCE_TEST_PER_ACRE","ATTRIBUTE_NBR","VARCHAR2",10,NA,NA,"N",4
"FS_FIADB","REF_DIFFERENCE_TEST_PER_ACRE","SQL","CLOB",4000,NA,NA,"N",5
"FS_FIADB","REF_DIFFERENCE_TEST_PER_ACRE","NOTES","VARCHAR2",4000,NA,NA,"Y",6
"FS_FIADB","REF_DIFFERENCE_TEST_PER_ACRE","CREATED_BY","VARCHAR2",30,NA,NA,"Y",7
"FS_FIADB","REF_DIFFERENCE_TEST_PER_ACRE","CREATED_DATE","DATE",7,NA,NA,"Y",8
"FS_FIADB","REF_DIFFERENCE_TEST_PER_ACRE","CREATED_IN_INSTANCE","VARCHAR2",6,NA,NA,"Y",9
"FS_FIADB","REF_DIFFERENCE_TEST_PER_ACRE","MODIFIED_BY","VARCHAR2",30,NA,NA,"Y",10
"FS_FIADB","REF_DIFFERENCE_TEST_PER_ACRE","MODIFIED_DATE","DATE",7,NA,NA,"Y",11
"FS_FIADB","REF_DIFFERENCE_TEST_PER_ACRE","MODIFIED_IN_INSTANCE","VARCHAR2",6,NA,NA,"Y",12
"FS_FIADB","REF_DIFFERENCE_TEST_TOTALS","CN","VARCHAR2",34,NA,NA,"N",1
"FS_FIADB","REF_DIFFERENCE_TEST_TOTALS","COMPARISON","VARCHAR2",4000,NA,NA,"N",2
"FS_FIADB","REF_DIFFERENCE_TEST_TOTALS","COMPARISON_TYPE","VARCHAR2",4000,NA,NA,"N",3
"FS_FIADB","REF_DIFFERENCE_TEST_TOTALS","ATTRIBUTE_NBR","VARCHAR2",10,NA,NA,"N",4
"FS_FIADB","REF_DIFFERENCE_TEST_TOTALS","SQL","CLOB",4000,NA,NA,"N",5
"FS_FIADB","REF_DIFFERENCE_TEST_TOTALS","NOTES","VARCHAR2",4000,NA,NA,"Y",6
"FS_FIADB","REF_DIFFERENCE_TEST_TOTALS","CREATED_BY","VARCHAR2",30,NA,NA,"Y",7
"FS_FIADB","REF_DIFFERENCE_TEST_TOTALS","CREATED_DATE","DATE",7,NA,NA,"Y",8
"FS_FIADB","REF_DIFFERENCE_TEST_TOTALS","CREATED_IN_INSTANCE","VARCHAR2",6,NA,NA,"Y",9
"FS_FIADB","REF_DIFFERENCE_TEST_TOTALS","MODIFIED_BY","VARCHAR2",30,NA,NA,"Y",10
"FS_FIADB","REF_DIFFERENCE_TEST_TOTALS","MODIFIED_DATE","DATE",7,NA,NA,"Y",11
"FS_FIADB","REF_DIFFERENCE_TEST_TOTALS","MODIFIED_IN_INSTANCE","VARCHAR2",6,NA,NA,"Y",12
"FS_FIADB","REF_FIADB_VERSION","VERSION","VARCHAR2",40,NA,NA,"N",1
"FS_FIADB","REF_FIADB_VERSION","INSTALL_TYPE","VARCHAR2",10,NA,NA,"Y",2
"FS_FIADB","REF_FIADB_VERSION","DESCR","VARCHAR2",2000,NA,NA,"Y",3
"FS_FIADB","REF_FIADB_VERSION","CREATED_BY","VARCHAR2",30,NA,NA,"Y",4
"FS_FIADB","REF_FIADB_VERSION","CREATED_DATE","DATE",7,NA,NA,"Y",5
"FS_FIADB","REF_FIADB_VERSION","CREATED_IN_INSTANCE","VARCHAR2",6,NA,NA,"Y",6
"FS_FIADB","REF_FIADB_VERSION","MODIFIED_BY","VARCHAR2",30,NA,NA,"Y",7
"FS_FIADB","REF_FIADB_VERSION","MODIFIED_DATE","DATE",7,NA,NA,"Y",8
"FS_FIADB","REF_FIADB_VERSION","MODIFIED_IN_INSTANCE","VARCHAR2",6,NA,NA,"Y",9
"FS_FIADB","REF_FOREST_TYPE","VALUE","NUMBER",22,3,0,"N",1
"FS_FIADB","REF_FOREST_TYPE","MEANING","VARCHAR2",80,NA,NA,"N",2
"FS_FIADB","REF_FOREST_TYPE","TYPGRPCD","NUMBER",22,3,0,"N",3
"FS_FIADB","REF_FOREST_TYPE","MANUAL_START","NUMBER",22,3,1,"Y",4
"FS_FIADB","REF_FOREST_TYPE","MANUAL_END","NUMBER",22,3,1,"Y",5
"FS_FIADB","REF_FOREST_TYPE","ALLOWED_IN_FIELD","VARCHAR2",1,NA,NA,"Y",6
"FS_FIADB","REF_FOREST_TYPE","CREATED_BY","VARCHAR2",30,NA,NA,"Y",7
"FS_FIADB","REF_FOREST_TYPE","CREATED_DATE","DATE",7,NA,NA,"Y",8
"FS_FIADB","REF_FOREST_TYPE","CREATED_IN_INSTANCE","VARCHAR2",6,NA,NA,"Y",9
"FS_FIADB","REF_FOREST_TYPE","MODIFIED_BY","VARCHAR2",30,NA,NA,"Y",10
"FS_FIADB","REF_FOREST_TYPE","MODIFIED_DATE","DATE",7,NA,NA,"Y",11
"FS_FIADB","REF_FOREST_TYPE","MODIFIED_IN_INSTANCE","VARCHAR2",6,NA,NA,"Y",12
"FS_FIADB","REF_FOREST_TYPE_GROUP","VALUE","NUMBER",22,3,0,"N",1
"FS_FIADB","REF_FOREST_TYPE_GROUP","MEANING","VARCHAR2",80,NA,NA,"Y",2
"FS_FIADB","REF_FOREST_TYPE_GROUP","ABBR","VARCHAR2",40,NA,NA,"Y",3
"FS_FIADB","REF_FOREST_TYPE_GROUP","DUFF_DENSITY","NUMBER",22,12,10,"Y",4
"FS_FIADB","REF_FOREST_TYPE_GROUP","DUFF_CARBON_RATIO","NUMBER",22,12,11,"Y",5
"FS_FIADB","REF_FOREST_TYPE_GROUP","LITTER_DENSITY","NUMBER",22,12,10,"Y",6
"FS_FIADB","REF_FOREST_TYPE_GROUP","LITTER_CARBON_RATIO","NUMBER",22,12,11,"Y",7
"FS_FIADB","REF_FOREST_TYPE_GROUP","PILE_DENSITY","NUMBER",22,12,10,"Y",8
"FS_FIADB","REF_FOREST_TYPE_GROUP","PILE_CARBON_RATIO","NUMBER",22,12,11,"Y",9
"FS_FIADB","REF_FOREST_TYPE_GROUP","PILE_DECAY_RATIO","NUMBER",22,12,11,"Y",10
"FS_FIADB","REF_FOREST_TYPE_GROUP","FWD_DENSITY","NUMBER",22,12,10,"Y",11
"FS_FIADB","REF_FOREST_TYPE_GROUP","FWD_CARBON_RATIO","NUMBER",22,12,11,"Y",12
"FS_FIADB","REF_FOREST_TYPE_GROUP","FWD_DECAY_RATIO","NUMBER",22,12,11,"Y",13
"FS_FIADB","REF_FOREST_TYPE_GROUP","FWD_SMALL_QMD","NUMBER",22,12,10,"Y",14
"FS_FIADB","REF_FOREST_TYPE_GROUP","FWD_MEDIUM_QMD","NUMBER",22,12,10,"Y",15
"FS_FIADB","REF_FOREST_TYPE_GROUP","FWD_LARGE_QMD","NUMBER",22,12,10,"Y",16
"FS_FIADB","REF_FOREST_TYPE_GROUP","CREATED_BY","VARCHAR2",30,NA,NA,"Y",17
"FS_FIADB","REF_FOREST_TYPE_GROUP","CREATED_DATE","DATE",7,NA,NA,"Y",18
"FS_FIADB","REF_FOREST_TYPE_GROUP","CREATED_IN_INSTANCE","VARCHAR2",6,NA,NA,"Y",19
"FS_FIADB","REF_FOREST_TYPE_GROUP","MODIFIED_BY","VARCHAR2",30,NA,NA,"Y",20
"FS_FIADB","REF_FOREST_TYPE_GROUP","MODIFIED_DATE","DATE",7,NA,NA,"Y",21
"FS_FIADB","REF_FOREST_TYPE_GROUP","MODIFIED_IN_INSTANCE","VARCHAR2",6,NA,NA,"Y",22
"FS_FIADB","REF_FOREST_TYPE_NIMAC","CODE","VARCHAR2",5,NA,NA,"N",1
"FS_FIADB","REF_FOREST_TYPE_NIMAC","MEANING","VARCHAR2",50,NA,NA,"N",2
"FS_FIADB","REF_FOREST_TYPE_NIMAC","DESCRIPTION","VARCHAR2",2000,NA,NA,"N",3
"FS_FIADB","REF_FOREST_TYPE_NIMAC","FOREST","VARCHAR2",1,NA,NA,"N",4
"FS_FIADB","REF_FOREST_TYPE_NIMAC","MANUAL_START","NUMBER",22,3,1,"N",5
"FS_FIADB","REF_FOREST_TYPE_NIMAC","MANUAL_END","NUMBER",22,3,1,"Y",6
"FS_FIADB","REF_FVS_LOC_NAME","CN","VARCHAR2",34,NA,NA,"N",1
"FS_FIADB","REF_FVS_LOC_NAME","FVS_LOC_CD","NUMBER",22,6,0,"N",2
"FS_FIADB","REF_FVS_LOC_NAME","FVS_LOC_CD_NAME","VARCHAR2",70,NA,NA,"Y",3
"FS_FIADB","REF_FVS_LOC_NAME","MANUAL_START","NUMBER",22,3,1,"Y",4
"FS_FIADB","REF_FVS_LOC_NAME","MANUAL_END","NUMBER",22,3,1,"Y",5
"FS_FIADB","REF_FVS_LOC_NAME","ALLOWED_IN_FIELD","VARCHAR2",1,NA,NA,"Y",6
"FS_FIADB","REF_FVS_LOC_NAME","CREATED_BY","VARCHAR2",30,NA,NA,"Y",7
"FS_FIADB","REF_FVS_LOC_NAME","CREATED_DATE","DATE",7,NA,NA,"Y",8
"FS_FIADB","REF_FVS_LOC_NAME","CREATED_IN_INSTANCE","VARCHAR2",6,NA,NA,"Y",9
"FS_FIADB","REF_FVS_LOC_NAME","MODIFIED_BY","VARCHAR2",30,NA,NA,"Y",10
"FS_FIADB","REF_FVS_LOC_NAME","MODIFIED_DATE","DATE",7,NA,NA,"Y",11
"FS_FIADB","REF_FVS_LOC_NAME","MODIFIED_IN_INSTANCE","VARCHAR2",6,NA,NA,"Y",12
"FS_FIADB","REF_FVS_VAR_NAME","CN","VARCHAR2",34,NA,NA,"N",1
"FS_FIADB","REF_FVS_VAR_NAME","FVS_VARIANT","VARCHAR2",2,NA,NA,"Y",2
"FS_FIADB","REF_FVS_VAR_NAME","FVS_VAR_NAME","VARCHAR2",65,NA,NA,"Y",3
"FS_FIADB","REF_FVS_VAR_NAME","MANUAL_START","NUMBER",22,3,1,"Y",4
"FS_FIADB","REF_FVS_VAR_NAME","MANUAL_END","NUMBER",22,3,1,"Y",5
"FS_FIADB","REF_FVS_VAR_NAME","ALLOWED_IN_FIELD","VARCHAR2",1,NA,NA,"Y",6
"FS_FIADB","REF_FVS_VAR_NAME","CREATED_BY","VARCHAR2",30,NA,NA,"Y",7
"FS_FIADB","REF_FVS_VAR_NAME","CREATED_DATE","DATE",7,NA,NA,"Y",8
"FS_FIADB","REF_FVS_VAR_NAME","CREATED_IN_INSTANCE","VARCHAR2",6,NA,NA,"Y",9
"FS_FIADB","REF_FVS_VAR_NAME","MODIFIED_BY","VARCHAR2",30,NA,NA,"Y",10
"FS_FIADB","REF_FVS_VAR_NAME","MODIFIED_DATE","DATE",7,NA,NA,"Y",11
"FS_FIADB","REF_FVS_VAR_NAME","MODIFIED_IN_INSTANCE","VARCHAR2",6,NA,NA,"Y",12
"FS_FIADB","REF_GRM_TYPE","CN","VARCHAR2",34,NA,NA,"N",1
"FS_FIADB","REF_GRM_TYPE","RSCD","NUMBER",22,2,0,"N",2
"FS_FIADB","REF_GRM_TYPE","STATECD","NUMBER",22,4,0,"N",3
"FS_FIADB","REF_GRM_TYPE","START_INVYR","NUMBER",22,4,0,"N",4
"FS_FIADB","REF_GRM_TYPE","END_INVYR","NUMBER",22,4,0,"Y",5
"FS_FIADB","REF_GRM_TYPE","GRM_TYP","VARCHAR2",15,NA,NA,"N",6
"FS_FIADB","REF_GRM_TYPE","GROW_TYP_CD","NUMBER",22,2,0,"Y",7
"FS_FIADB","REF_GRM_TYPE","MORT_TYP_CD","NUMBER",22,2,0,"Y",8
"FS_FIADB","REF_GRM_TYPE","REMV_TYP_CD","NUMBER",22,2,0,"Y",9
"FS_FIADB","REF_GRM_TYPE","CREATED_BY","VARCHAR2",30,NA,NA,"Y",10
"FS_FIADB","REF_GRM_TYPE","CREATED_DATE","DATE",7,NA,NA,"Y",11
"FS_FIADB","REF_GRM_TYPE","CREATED_IN_INSTANCE","VARCHAR2",6,NA,NA,"Y",12
"FS_FIADB","REF_GRM_TYPE","MODIFIED_BY","VARCHAR2",30,NA,NA,"Y",13
"FS_FIADB","REF_GRM_TYPE","MODIFIED_DATE","DATE",7,NA,NA,"Y",14
"FS_FIADB","REF_GRM_TYPE","MODIFIED_IN_INSTANCE","VARCHAR2",6,NA,NA,"Y",15
"FS_FIADB","REF_GRM_TYPE","TIMBERLAND_ONLY","VARCHAR2",1,NA,NA,"N",16
"FS_FIADB","REF_GRM_TYPE","GRM_BUILD_LOCATION","VARCHAR2",5,NA,NA,"N",17
"FS_FIADB","REF_HABTYP_DESCRIPTION","CN","VARCHAR2",34,NA,NA,"N",1
"FS_FIADB","REF_HABTYP_DESCRIPTION","HABTYPCD","VARCHAR2",10,NA,NA,"N",2
"FS_FIADB","REF_HABTYP_DESCRIPTION","PUB_CD","VARCHAR2",10,NA,NA,"N",3
"FS_FIADB","REF_HABTYP_DESCRIPTION","SCIENTIFIC_NAME","VARCHAR2",115,NA,NA,"N",4
"FS_FIADB","REF_HABTYP_DESCRIPTION","COMMON_NAME","VARCHAR2",255,NA,NA,"Y",5
"FS_FIADB","REF_HABTYP_DESCRIPTION","VALID","VARCHAR2",1,NA,NA,"N",6
"FS_FIADB","REF_HABTYP_DESCRIPTION","CREATED_BY","VARCHAR2",30,NA,NA,"Y",7
"FS_FIADB","REF_HABTYP_DESCRIPTION","CREATED_DATE","DATE",7,NA,NA,"Y",8
"FS_FIADB","REF_HABTYP_DESCRIPTION","CREATED_IN_INSTANCE","VARCHAR2",6,NA,NA,"Y",9
"FS_FIADB","REF_HABTYP_DESCRIPTION","MODIFIED_BY","VARCHAR2",30,NA,NA,"Y",10
"FS_FIADB","REF_HABTYP_DESCRIPTION","MODIFIED_DATE","DATE",7,NA,NA,"Y",11
"FS_FIADB","REF_HABTYP_DESCRIPTION","MODIFIED_IN_INSTANCE","VARCHAR2",6,NA,NA,"Y",12
"FS_FIADB","REF_HABTYP_PUBLICATION","CN","VARCHAR2",34,NA,NA,"N",1
"FS_FIADB","REF_HABTYP_PUBLICATION","PUB_CD","VARCHAR2",10,NA,NA,"N",2
"FS_FIADB","REF_HABTYP_PUBLICATION","TITLE","VARCHAR2",200,NA,NA,"N",3
"FS_FIADB","REF_HABTYP_PUBLICATION","AUTHOR","VARCHAR2",200,NA,NA,"N",4
"FS_FIADB","REF_HABTYP_PUBLICATION","TYPE","VARCHAR2",10,NA,NA,"N",5
"FS_FIADB","REF_HABTYP_PUBLICATION","VALID","VARCHAR2",1,NA,NA,"N",6
"FS_FIADB","REF_HABTYP_PUBLICATION","CREATED_BY","VARCHAR2",30,NA,NA,"Y",7
"FS_FIADB","REF_HABTYP_PUBLICATION","CREATED_DATE","DATE",7,NA,NA,"Y",8
"FS_FIADB","REF_HABTYP_PUBLICATION","CREATED_IN_INSTANCE","VARCHAR2",6,NA,NA,"Y",9
"FS_FIADB","REF_HABTYP_PUBLICATION","MODIFIED_BY","VARCHAR2",30,NA,NA,"Y",10
"FS_FIADB","REF_HABTYP_PUBLICATION","MODIFIED_DATE","DATE",7,NA,NA,"Y",11
"FS_FIADB","REF_HABTYP_PUBLICATION","MODIFIED_IN_INSTANCE","VARCHAR2",6,NA,NA,"Y",12
"FS_FIADB","REF_INTL_TO_DOYLE_FACTOR","DIA_2INCH_CLASS","NUMBER",22,2,0,"N",1
"FS_FIADB","REF_INTL_TO_DOYLE_FACTOR","SOFTWOOD","VARCHAR2",1,NA,NA,"N",2
"FS_FIADB","REF_INTL_TO_DOYLE_FACTOR","FACTOR","NUMBER",22,5,4,"Y",3
"FS_FIADB","REF_INTL_TO_DOYLE_FACTOR","CREATED_BY","VARCHAR2",30,NA,NA,"Y",4
"FS_FIADB","REF_INTL_TO_DOYLE_FACTOR","CREATED_DATE","DATE",7,NA,NA,"Y",5
"FS_FIADB","REF_INTL_TO_DOYLE_FACTOR","CREATED_IN_INSTANCE","VARCHAR2",6,NA,NA,"Y",6
"FS_FIADB","REF_INTL_TO_DOYLE_FACTOR","MODIFIED_BY","VARCHAR2",30,NA,NA,"Y",7
"FS_FIADB","REF_INTL_TO_DOYLE_FACTOR","MODIFIED_DATE","DATE",7,NA,NA,"Y",8
"FS_FIADB","REF_INTL_TO_DOYLE_FACTOR","MODIFIED_IN_INSTANCE","VARCHAR2",6,NA,NA,"Y",9
"FS_FIADB","REF_INVASIVE_SPECIES","CN","VARCHAR2",34,NA,NA,"N",1
"FS_FIADB","REF_INVASIVE_SPECIES","STATECD","NUMBER",22,4,0,"N",2
"FS_FIADB","REF_INVASIVE_SPECIES","SYMBOL","VARCHAR2",16,NA,NA,"N",3
"FS_FIADB","REF_INVASIVE_SPECIES","INV_GROUP_CD","NUMBER",22,NA,NA,"Y",4
"FS_FIADB","REF_INVASIVE_SPECIES","UNITCD_LIST","VARCHAR2",20,NA,NA,"Y",5
"FS_FIADB","REF_INVASIVE_SPECIES","START_DATE","DATE",7,NA,NA,"N",6
"FS_FIADB","REF_INVASIVE_SPECIES","END_DATE","DATE",7,NA,NA,"Y",7
"FS_FIADB","REF_INVASIVE_SPECIES","MANUAL_START","NUMBER",22,3,1,"N",8
"FS_FIADB","REF_INVASIVE_SPECIES","MANUAL_END","NUMBER",22,3,1,"Y",9
"FS_FIADB","REF_INVASIVE_SPECIES","NOTES","VARCHAR2",2000,NA,NA,"Y",10
"FS_FIADB","REF_INVASIVE_SPECIES","CREATED_BY","VARCHAR2",30,NA,NA,"Y",11
"FS_FIADB","REF_INVASIVE_SPECIES","CREATED_DATE","DATE",7,NA,NA,"Y",12
"FS_FIADB","REF_INVASIVE_SPECIES","CREATED_IN_INSTANCE","VARCHAR2",6,NA,NA,"Y",13
"FS_FIADB","REF_INVASIVE_SPECIES","MODIFIED_BY","VARCHAR2",30,NA,NA,"Y",14
"FS_FIADB","REF_INVASIVE_SPECIES","MODIFIED_DATE","DATE",7,NA,NA,"Y",15
"FS_FIADB","REF_INVASIVE_SPECIES","MODIFIED_IN_INSTANCE","VARCHAR2",6,NA,NA,"Y",16
"FS_FIADB","REF_LICHEN_SPECIES","LICH_SPPCD","NUMBER",22,5,0,"N",1
"FS_FIADB","REF_LICHEN_SPECIES","YEARSTART","NUMBER",22,4,0,"N",2
"FS_FIADB","REF_LICHEN_SPECIES","YEAREND","NUMBER",22,4,0,"Y",3
"FS_FIADB","REF_LICHEN_SPECIES","SPP_ACRONYM","VARCHAR2",6,NA,NA,"N",4
"FS_FIADB","REF_LICHEN_SPECIES","GENUS","VARCHAR2",40,NA,NA,"N",5
"FS_FIADB","REF_LICHEN_SPECIES","SPECIES","VARCHAR2",50,NA,NA,"Y",6
"FS_FIADB","REF_LICHEN_SPECIES","CN","VARCHAR2",34,NA,NA,"N",7
"FS_FIADB","REF_LICHEN_SPECIES","CREATED_BY","VARCHAR2",30,NA,NA,"Y",8
"FS_FIADB","REF_LICHEN_SPECIES","CREATED_DATE","DATE",7,NA,NA,"Y",9
"FS_FIADB","REF_LICHEN_SPECIES","CREATED_IN_INSTANCE","VARCHAR2",6,NA,NA,"Y",10
"FS_FIADB","REF_LICHEN_SPECIES","MODIFIED_BY","VARCHAR2",30,NA,NA,"Y",11
"FS_FIADB","REF_LICHEN_SPECIES","MODIFIED_DATE","DATE",7,NA,NA,"Y",12
"FS_FIADB","REF_LICHEN_SPECIES","MODIFIED_IN_INSTANCE","VARCHAR2",6,NA,NA,"Y",13
"FS_FIADB","REF_LICHEN_SPP_COMMENTS","LICH_SPPCD","NUMBER",22,5,0,"N",1
"FS_FIADB","REF_LICHEN_SPP_COMMENTS","SPP_NAME","VARCHAR2",80,NA,NA,"N",2
"FS_FIADB","REF_LICHEN_SPP_COMMENTS","YEAREND","NUMBER",22,4,0,"Y",3
"FS_FIADB","REF_LICHEN_SPP_COMMENTS","YEARSTART","NUMBER",22,4,0,"N",4
"FS_FIADB","REF_LICHEN_SPP_COMMENTS","SPP_COMMENTS","VARCHAR2",2000,NA,NA,"N",5
"FS_FIADB","REF_LICHEN_SPP_COMMENTS","CN","VARCHAR2",34,NA,NA,"N",6
"FS_FIADB","REF_LICHEN_SPP_COMMENTS","CREATED_BY","VARCHAR2",30,NA,NA,"Y",7
"FS_FIADB","REF_LICHEN_SPP_COMMENTS","CREATED_DATE","DATE",7,NA,NA,"Y",8
"FS_FIADB","REF_LICHEN_SPP_COMMENTS","CREATED_IN_INSTANCE","VARCHAR2",6,NA,NA,"Y",9
"FS_FIADB","REF_LICHEN_SPP_COMMENTS","MODIFIED_BY","VARCHAR2",30,NA,NA,"Y",10
"FS_FIADB","REF_LICHEN_SPP_COMMENTS","MODIFIED_DATE","DATE",7,NA,NA,"Y",11
"FS_FIADB","REF_LICHEN_SPP_COMMENTS","MODIFIED_IN_INSTANCE","VARCHAR2",6,NA,NA,"Y",12
"FS_FIADB","REF_NVCS_HIERARCHY_STRCT","HIERARCHY_VERSION","VARCHAR2",30,NA,NA,"N",1
"FS_FIADB","REF_NVCS_HIERARCHY_STRCT","PRIMARY_CLASS","VARCHAR2",8,NA,NA,"N",2
"FS_FIADB","REF_NVCS_HIERARCHY_STRCT","NVCS_LEVEL_1_LABEL","VARCHAR2",30,NA,NA,"N",3
"FS_FIADB","REF_NVCS_HIERARCHY_STRCT","NVCS_LEVEL_1_CD","VARCHAR2",3,NA,NA,"N",4
"FS_FIADB","REF_NVCS_HIERARCHY_STRCT","NVCS_LEVEL_2_LABEL","VARCHAR2",30,NA,NA,"N",5
"FS_FIADB","REF_NVCS_HIERARCHY_STRCT","NVCS_LEVEL_2_CD","VARCHAR2",8,NA,NA,"N",6
"FS_FIADB","REF_NVCS_HIERARCHY_STRCT","NVCS_LEVEL_3_LABEL","VARCHAR2",30,NA,NA,"N",7
"FS_FIADB","REF_NVCS_HIERARCHY_STRCT","NVCS_LEVEL_3_CD","VARCHAR2",10,NA,NA,"N",8
"FS_FIADB","REF_NVCS_HIERARCHY_STRCT","NVCS_LEVEL_4_LABEL","VARCHAR2",30,NA,NA,"N",9
"FS_FIADB","REF_NVCS_HIERARCHY_STRCT","NVCS_LEVEL_4_CD","VARCHAR2",13,NA,NA,"N",10
"FS_FIADB","REF_NVCS_HIERARCHY_STRCT","NVCS_LEVEL_5_LABEL","VARCHAR2",30,NA,NA,"N",11
"FS_FIADB","REF_NVCS_HIERARCHY_STRCT","NVCS_LEVEL_5_CD","VARCHAR2",20,NA,NA,"N",12
"FS_FIADB","REF_NVCS_HIERARCHY_STRCT","NVCS_LEVEL_6_LABEL","VARCHAR2",30,NA,NA,"Y",13
"FS_FIADB","REF_NVCS_HIERARCHY_STRCT","NVCS_LEVEL_6_CD","VARCHAR2",20,NA,NA,"Y",14
"FS_FIADB","REF_NVCS_HIERARCHY_STRCT","NVCS_LEVEL_7_LABEL","VARCHAR2",30,NA,NA,"Y",15
"FS_FIADB","REF_NVCS_HIERARCHY_STRCT","NVCS_LEVEL_7_CD","VARCHAR2",25,NA,NA,"Y",16
"FS_FIADB","REF_NVCS_HIERARCHY_STRCT","NVCS_LEVEL_8_LABEL","VARCHAR2",30,NA,NA,"Y",17
"FS_FIADB","REF_NVCS_HIERARCHY_STRCT","NVCS_LEVEL_8_CD","VARCHAR2",25,NA,NA,"Y",18
"FS_FIADB","REF_NVCS_HIERARCHY_STRCT","NVCS_LEVEL_1_MEANING","VARCHAR2",100,NA,NA,"N",19
"FS_FIADB","REF_NVCS_HIERARCHY_STRCT","NVCS_LEVEL_2_MEANING","VARCHAR2",100,NA,NA,"N",20
"FS_FIADB","REF_NVCS_HIERARCHY_STRCT","NVCS_LEVEL_3_MEANING","VARCHAR2",100,NA,NA,"N",21
"FS_FIADB","REF_NVCS_HIERARCHY_STRCT","NVCS_LEVEL_4_MEANING","VARCHAR2",100,NA,NA,"N",22
"FS_FIADB","REF_NVCS_HIERARCHY_STRCT","NVCS_LEVEL_5_MEANING","VARCHAR2",100,NA,NA,"N",23
"FS_FIADB","REF_NVCS_HIERARCHY_STRCT","NVCS_LEVEL_6_MEANING","VARCHAR2",100,NA,NA,"Y",24
"FS_FIADB","REF_NVCS_HIERARCHY_STRCT","NVCS_LEVEL_7_MEANING","VARCHAR2",100,NA,NA,"Y",25
"FS_FIADB","REF_NVCS_HIERARCHY_STRCT","NVCS_LEVEL_8_MEANING","VARCHAR2",100,NA,NA,"Y",26
"FS_FIADB","REF_NVCS_HIERARCHY_STRCT","NVCS_LEVEL_1_NOTE","VARCHAR2",1000,NA,NA,"Y",27
"FS_FIADB","REF_NVCS_HIERARCHY_STRCT","NVCS_LEVEL_2_NOTE","VARCHAR2",1000,NA,NA,"Y",28
"FS_FIADB","REF_NVCS_HIERARCHY_STRCT","NVCS_LEVEL_3_NOTE","VARCHAR2",1000,NA,NA,"Y",29
"FS_FIADB","REF_NVCS_HIERARCHY_STRCT","NVCS_LEVEL_4_NOTE","VARCHAR2",1000,NA,NA,"Y",30
"FS_FIADB","REF_NVCS_HIERARCHY_STRCT","NVCS_LEVEL_5_NOTE","VARCHAR2",1000,NA,NA,"Y",31
"FS_FIADB","REF_NVCS_HIERARCHY_STRCT","NVCS_LEVEL_6_NOTE","VARCHAR2",1000,NA,NA,"Y",32
"FS_FIADB","REF_NVCS_HIERARCHY_STRCT","NVCS_LEVEL_7_NOTE","VARCHAR2",1000,NA,NA,"Y",33
"FS_FIADB","REF_NVCS_HIERARCHY_STRCT","NVCS_LEVEL_8_NOTE","VARCHAR2",1000,NA,NA,"Y",34
"FS_FIADB","REF_NVCS_HIERARCHY_STRCT","CITATION_NBR","NUMBER",22,7,0,"Y",35
"FS_FIADB","REF_NVCS_HIERARCHY_STRCT","CREATED_BY","VARCHAR2",30,NA,NA,"N",36
"FS_FIADB","REF_NVCS_HIERARCHY_STRCT","CREATED_DATE","DATE",7,NA,NA,"N",37
"FS_FIADB","REF_NVCS_HIERARCHY_STRCT","CREATED_IN_INSTANCE","VARCHAR2",6,NA,NA,"N",38
"FS_FIADB","REF_NVCS_HIERARCHY_STRCT","MODIFIED_BY","VARCHAR2",30,NA,NA,"Y",39
"FS_FIADB","REF_NVCS_HIERARCHY_STRCT","MODIFIED_DATE","DATE",7,NA,NA,"Y",40
"FS_FIADB","REF_NVCS_HIERARCHY_STRCT","MODIFIED_IN_INSTANCE","VARCHAR2",6,NA,NA,"Y",41
"FS_FIADB","REF_NVCS_LEVEL_1_CODES","CN","VARCHAR2",34,NA,NA,"N",1
"FS_FIADB","REF_NVCS_LEVEL_1_CODES","PRIMARY_CLASS","VARCHAR2",8,NA,NA,"N",2
"FS_FIADB","REF_NVCS_LEVEL_1_CODES","HIERARCHY_LEVEL","NUMBER",22,2,0,"N",3
"FS_FIADB","REF_NVCS_LEVEL_1_CODES","HIERARCHY_LEVEL_LABEL","VARCHAR2",30,NA,NA,"N",4
"FS_FIADB","REF_NVCS_LEVEL_1_CODES","NVCS_CODE","VARCHAR2",20,NA,NA,"N",5
"FS_FIADB","REF_NVCS_LEVEL_1_CODES","MEANING","VARCHAR2",100,NA,NA,"N",6
"FS_FIADB","REF_NVCS_LEVEL_1_CODES","NOTE","VARCHAR2",1000,NA,NA,"Y",7
"FS_FIADB","REF_NVCS_LEVEL_1_CODES","CREATED_BY","VARCHAR2",30,NA,NA,"Y",8
"FS_FIADB","REF_NVCS_LEVEL_1_CODES","CREATED_DATE","DATE",7,NA,NA,"Y",9
"FS_FIADB","REF_NVCS_LEVEL_1_CODES","CREATED_IN_INSTANCE","VARCHAR2",6,NA,NA,"Y",10
"FS_FIADB","REF_NVCS_LEVEL_1_CODES","MODIFIED_BY","VARCHAR2",30,NA,NA,"Y",11
"FS_FIADB","REF_NVCS_LEVEL_1_CODES","MODIFIED_DATE","DATE",7,NA,NA,"Y",12
"FS_FIADB","REF_NVCS_LEVEL_1_CODES","MODIFIED_IN_INSTANCE","VARCHAR2",6,NA,NA,"Y",13
"FS_FIADB","REF_NVCS_LEVEL_2_CODES","CN","VARCHAR2",34,NA,NA,"N",1
"FS_FIADB","REF_NVCS_LEVEL_2_CODES","PRIMARY_CLASS","VARCHAR2",8,NA,NA,"N",2
"FS_FIADB","REF_NVCS_LEVEL_2_CODES","HIERARCHY_LEVEL","NUMBER",22,2,0,"N",3
"FS_FIADB","REF_NVCS_LEVEL_2_CODES","HIERARCHY_LEVEL_LABEL","VARCHAR2",30,NA,NA,"N",4
"FS_FIADB","REF_NVCS_LEVEL_2_CODES","NVCS_CODE","VARCHAR2",20,NA,NA,"N",5
"FS_FIADB","REF_NVCS_LEVEL_2_CODES","MEANING","VARCHAR2",100,NA,NA,"N",6
"FS_FIADB","REF_NVCS_LEVEL_2_CODES","NOTE","VARCHAR2",1000,NA,NA,"Y",7
"FS_FIADB","REF_NVCS_LEVEL_2_CODES","CREATED_BY","VARCHAR2",30,NA,NA,"Y",8
"FS_FIADB","REF_NVCS_LEVEL_2_CODES","CREATED_DATE","DATE",7,NA,NA,"Y",9
"FS_FIADB","REF_NVCS_LEVEL_2_CODES","CREATED_IN_INSTANCE","VARCHAR2",6,NA,NA,"Y",10
"FS_FIADB","REF_NVCS_LEVEL_2_CODES","MODIFIED_BY","VARCHAR2",30,NA,NA,"Y",11
"FS_FIADB","REF_NVCS_LEVEL_2_CODES","MODIFIED_DATE","DATE",7,NA,NA,"Y",12
"FS_FIADB","REF_NVCS_LEVEL_2_CODES","MODIFIED_IN_INSTANCE","VARCHAR2",6,NA,NA,"Y",13
"FS_FIADB","REF_NVCS_LEVEL_3_CODES","CN","VARCHAR2",34,NA,NA,"N",1
"FS_FIADB","REF_NVCS_LEVEL_3_CODES","PRIMARY_CLASS","VARCHAR2",8,NA,NA,"N",2
"FS_FIADB","REF_NVCS_LEVEL_3_CODES","HIERARCHY_LEVEL","NUMBER",22,2,0,"N",3
"FS_FIADB","REF_NVCS_LEVEL_3_CODES","HIERARCHY_LEVEL_LABEL","VARCHAR2",30,NA,NA,"N",4
"FS_FIADB","REF_NVCS_LEVEL_3_CODES","NVCS_CODE","VARCHAR2",20,NA,NA,"N",5
"FS_FIADB","REF_NVCS_LEVEL_3_CODES","MEANING","VARCHAR2",100,NA,NA,"N",6
"FS_FIADB","REF_NVCS_LEVEL_3_CODES","NOTE","VARCHAR2",1000,NA,NA,"Y",7
"FS_FIADB","REF_NVCS_LEVEL_3_CODES","CREATED_BY","VARCHAR2",30,NA,NA,"Y",8
"FS_FIADB","REF_NVCS_LEVEL_3_CODES","CREATED_DATE","DATE",7,NA,NA,"Y",9
"FS_FIADB","REF_NVCS_LEVEL_3_CODES","CREATED_IN_INSTANCE","VARCHAR2",6,NA,NA,"Y",10
"FS_FIADB","REF_NVCS_LEVEL_3_CODES","MODIFIED_BY","VARCHAR2",30,NA,NA,"Y",11
"FS_FIADB","REF_NVCS_LEVEL_3_CODES","MODIFIED_DATE","DATE",7,NA,NA,"Y",12
"FS_FIADB","REF_NVCS_LEVEL_3_CODES","MODIFIED_IN_INSTANCE","VARCHAR2",6,NA,NA,"Y",13
"FS_FIADB","REF_NVCS_LEVEL_4_CODES","CN","VARCHAR2",34,NA,NA,"N",1
"FS_FIADB","REF_NVCS_LEVEL_4_CODES","PRIMARY_CLASS","VARCHAR2",8,NA,NA,"N",2
"FS_FIADB","REF_NVCS_LEVEL_4_CODES","HIERARCHY_LEVEL","NUMBER",22,2,0,"N",3
"FS_FIADB","REF_NVCS_LEVEL_4_CODES","HIERARCHY_LEVEL_LABEL","VARCHAR2",30,NA,NA,"N",4
"FS_FIADB","REF_NVCS_LEVEL_4_CODES","NVCS_CODE","VARCHAR2",20,NA,NA,"N",5
"FS_FIADB","REF_NVCS_LEVEL_4_CODES","MEANING","VARCHAR2",100,NA,NA,"N",6
"FS_FIADB","REF_NVCS_LEVEL_4_CODES","NOTE","VARCHAR2",1000,NA,NA,"Y",7
"FS_FIADB","REF_NVCS_LEVEL_4_CODES","CREATED_BY","VARCHAR2",30,NA,NA,"Y",8
"FS_FIADB","REF_NVCS_LEVEL_4_CODES","CREATED_DATE","DATE",7,NA,NA,"Y",9
"FS_FIADB","REF_NVCS_LEVEL_4_CODES","CREATED_IN_INSTANCE","VARCHAR2",6,NA,NA,"Y",10
"FS_FIADB","REF_NVCS_LEVEL_4_CODES","MODIFIED_BY","VARCHAR2",30,NA,NA,"Y",11
"FS_FIADB","REF_NVCS_LEVEL_4_CODES","MODIFIED_DATE","DATE",7,NA,NA,"Y",12
"FS_FIADB","REF_NVCS_LEVEL_4_CODES","MODIFIED_IN_INSTANCE","VARCHAR2",6,NA,NA,"Y",13
"FS_FIADB","REF_NVCS_LEVEL_5_CODES","CN","VARCHAR2",34,NA,NA,"N",1
"FS_FIADB","REF_NVCS_LEVEL_5_CODES","PRIMARY_CLASS","VARCHAR2",8,NA,NA,"N",2
"FS_FIADB","REF_NVCS_LEVEL_5_CODES","HIERARCHY_LEVEL","NUMBER",22,2,0,"N",3
"FS_FIADB","REF_NVCS_LEVEL_5_CODES","HIERARCHY_LEVEL_LABEL","VARCHAR2",30,NA,NA,"N",4
"FS_FIADB","REF_NVCS_LEVEL_5_CODES","NVCS_CODE","VARCHAR2",20,NA,NA,"N",5
"FS_FIADB","REF_NVCS_LEVEL_5_CODES","MEANING","VARCHAR2",100,NA,NA,"N",6
"FS_FIADB","REF_NVCS_LEVEL_5_CODES","NOTE","VARCHAR2",1000,NA,NA,"Y",7
"FS_FIADB","REF_NVCS_LEVEL_5_CODES","CREATED_BY","VARCHAR2",30,NA,NA,"Y",8
"FS_FIADB","REF_NVCS_LEVEL_5_CODES","CREATED_DATE","DATE",7,NA,NA,"Y",9
"FS_FIADB","REF_NVCS_LEVEL_5_CODES","CREATED_IN_INSTANCE","VARCHAR2",6,NA,NA,"Y",10
"FS_FIADB","REF_NVCS_LEVEL_5_CODES","MODIFIED_BY","VARCHAR2",30,NA,NA,"Y",11
"FS_FIADB","REF_NVCS_LEVEL_5_CODES","MODIFIED_DATE","DATE",7,NA,NA,"Y",12
"FS_FIADB","REF_NVCS_LEVEL_5_CODES","MODIFIED_IN_INSTANCE","VARCHAR2",6,NA,NA,"Y",13
"FS_FIADB","REF_NVCS_LEVEL_6_CODES","CN","VARCHAR2",34,NA,NA,"N",1
"FS_FIADB","REF_NVCS_LEVEL_6_CODES","PRIMARY_CLASS","VARCHAR2",8,NA,NA,"N",2
"FS_FIADB","REF_NVCS_LEVEL_6_CODES","HIERARCHY_LEVEL","NUMBER",22,2,0,"N",3
"FS_FIADB","REF_NVCS_LEVEL_6_CODES","HIERARCHY_LEVEL_LABEL","VARCHAR2",30,NA,NA,"N",4
"FS_FIADB","REF_NVCS_LEVEL_6_CODES","NVCS_CODE","VARCHAR2",20,NA,NA,"N",5
"FS_FIADB","REF_NVCS_LEVEL_6_CODES","MEANING","VARCHAR2",100,NA,NA,"N",6
"FS_FIADB","REF_NVCS_LEVEL_6_CODES","NOTE","VARCHAR2",1000,NA,NA,"Y",7
"FS_FIADB","REF_NVCS_LEVEL_6_CODES","CREATED_BY","VARCHAR2",30,NA,NA,"Y",8
"FS_FIADB","REF_NVCS_LEVEL_6_CODES","CREATED_DATE","DATE",7,NA,NA,"Y",9
"FS_FIADB","REF_NVCS_LEVEL_6_CODES","CREATED_IN_INSTANCE","VARCHAR2",6,NA,NA,"Y",10
"FS_FIADB","REF_NVCS_LEVEL_6_CODES","MODIFIED_BY","VARCHAR2",30,NA,NA,"Y",11
"FS_FIADB","REF_NVCS_LEVEL_6_CODES","MODIFIED_DATE","DATE",7,NA,NA,"Y",12
"FS_FIADB","REF_NVCS_LEVEL_6_CODES","MODIFIED_IN_INSTANCE","VARCHAR2",6,NA,NA,"Y",13
"FS_FIADB","REF_NVCS_LEVEL_7_CODES","CN","VARCHAR2",34,NA,NA,"N",1
"FS_FIADB","REF_NVCS_LEVEL_7_CODES","PRIMARY_CLASS","VARCHAR2",8,NA,NA,"N",2
"FS_FIADB","REF_NVCS_LEVEL_7_CODES","HIERARCHY_LEVEL","NUMBER",22,2,0,"N",3
"FS_FIADB","REF_NVCS_LEVEL_7_CODES","HIERARCHY_LEVEL_LABEL","VARCHAR2",30,NA,NA,"N",4
"FS_FIADB","REF_NVCS_LEVEL_7_CODES","NVCS_CODE","VARCHAR2",20,NA,NA,"N",5
"FS_FIADB","REF_NVCS_LEVEL_7_CODES","MEANING","VARCHAR2",100,NA,NA,"N",6
"FS_FIADB","REF_NVCS_LEVEL_7_CODES","NOTE","VARCHAR2",1000,NA,NA,"Y",7
"FS_FIADB","REF_NVCS_LEVEL_7_CODES","CREATED_BY","VARCHAR2",30,NA,NA,"Y",8
"FS_FIADB","REF_NVCS_LEVEL_7_CODES","CREATED_DATE","DATE",7,NA,NA,"Y",9
"FS_FIADB","REF_NVCS_LEVEL_7_CODES","CREATED_IN_INSTANCE","VARCHAR2",6,NA,NA,"Y",10
"FS_FIADB","REF_NVCS_LEVEL_7_CODES","MODIFIED_BY","VARCHAR2",30,NA,NA,"Y",11
"FS_FIADB","REF_NVCS_LEVEL_7_CODES","MODIFIED_DATE","DATE",7,NA,NA,"Y",12
"FS_FIADB","REF_NVCS_LEVEL_7_CODES","MODIFIED_IN_INSTANCE","VARCHAR2",6,NA,NA,"Y",13
"FS_FIADB","REF_NVCS_LEVEL_8_CODES","CN","VARCHAR2",34,NA,NA,"N",1
"FS_FIADB","REF_NVCS_LEVEL_8_CODES","PRIMARY_CLASS","VARCHAR2",8,NA,NA,"N",2
"FS_FIADB","REF_NVCS_LEVEL_8_CODES","HIERARCHY_LEVEL","NUMBER",22,2,0,"N",3
"FS_FIADB","REF_NVCS_LEVEL_8_CODES","HIERARCHY_LEVEL_LABEL","VARCHAR2",30,NA,NA,"N",4
"FS_FIADB","REF_NVCS_LEVEL_8_CODES","NVCS_CODE","VARCHAR2",25,NA,NA,"N",5
"FS_FIADB","REF_NVCS_LEVEL_8_CODES","MEANING","VARCHAR2",100,NA,NA,"N",6
"FS_FIADB","REF_NVCS_LEVEL_8_CODES","NOTE","VARCHAR2",1000,NA,NA,"Y",7
"FS_FIADB","REF_NVCS_LEVEL_8_CODES","CREATED_BY","VARCHAR2",30,NA,NA,"Y",8
"FS_FIADB","REF_NVCS_LEVEL_8_CODES","CREATED_DATE","DATE",7,NA,NA,"Y",9
"FS_FIADB","REF_NVCS_LEVEL_8_CODES","CREATED_IN_INSTANCE","VARCHAR2",6,NA,NA,"Y",10
"FS_FIADB","REF_NVCS_LEVEL_8_CODES","MODIFIED_BY","VARCHAR2",30,NA,NA,"Y",11
"FS_FIADB","REF_NVCS_LEVEL_8_CODES","MODIFIED_DATE","DATE",7,NA,NA,"Y",12
"FS_FIADB","REF_NVCS_LEVEL_8_CODES","MODIFIED_IN_INSTANCE","VARCHAR2",6,NA,NA,"Y",13
"FS_FIADB","REF_OWNGRPCD","OWNGRPCD","NUMBER",22,2,0,"N",1
"FS_FIADB","REF_OWNGRPCD","MEANING","VARCHAR2",100,NA,NA,"N",2
"FS_FIADB","REF_OWNGRPCD","CREATED_BY","VARCHAR2",30,NA,NA,"Y",3
"FS_FIADB","REF_OWNGRPCD","CREATED_DATE","DATE",7,NA,NA,"Y",4
"FS_FIADB","REF_OWNGRPCD","CREATED_IN_INSTANCE","VARCHAR2",6,NA,NA,"Y",5
"FS_FIADB","REF_OWNGRPCD","MODIFIED_BY","VARCHAR2",30,NA,NA,"Y",6
"FS_FIADB","REF_OWNGRPCD","MODIFIED_DATE","DATE",7,NA,NA,"Y",7
"FS_FIADB","REF_OWNGRPCD","MODIFIED_IN_INSTANCE","VARCHAR2",6,NA,NA,"Y",8
"FS_FIADB","REF_PLANT_DICTIONARY","CN","VARCHAR2",34,NA,NA,"N",1
"FS_FIADB","REF_PLANT_DICTIONARY","SYMBOL_TYPE","VARCHAR2",20,NA,NA,"N",2
"FS_FIADB","REF_PLANT_DICTIONARY","SYMBOL","VARCHAR2",16,NA,NA,"N",3
"FS_FIADB","REF_PLANT_DICTIONARY","SCIENTIFIC_NAME","VARCHAR2",100,NA,NA,"Y",4
"FS_FIADB","REF_PLANT_DICTIONARY","NEW_SYMBOL","VARCHAR2",16,NA,NA,"Y",5
"FS_FIADB","REF_PLANT_DICTIONARY","NEW_SCIENTIFIC_NAME","VARCHAR2",100,NA,NA,"Y",6
"FS_FIADB","REF_PLANT_DICTIONARY","COMMON_NAME","VARCHAR2",100,NA,NA,"Y",7
"FS_FIADB","REF_PLANT_DICTIONARY","CATEGORY","VARCHAR2",15,NA,NA,"Y",8
"FS_FIADB","REF_PLANT_DICTIONARY","FAMILY","VARCHAR2",25,NA,NA,"Y",9
"FS_FIADB","REF_PLANT_DICTIONARY","GROWTH_HABIT","VARCHAR2",50,NA,NA,"Y",10
"FS_FIADB","REF_PLANT_DICTIONARY","DURATION","VARCHAR2",50,NA,NA,"Y",11
"FS_FIADB","REF_PLANT_DICTIONARY","US_NATIVITY","VARCHAR2",100,NA,NA,"Y",12
"FS_FIADB","REF_PLANT_DICTIONARY","STATE_DISTRIBUTION","VARCHAR2",300,NA,NA,"Y",13
"FS_FIADB","REF_PLANT_DICTIONARY","STATE_AND_PROVINCE","VARCHAR2",500,NA,NA,"Y",14
"FS_FIADB","REF_PLANT_DICTIONARY","SCIENTIFIC_NAME_W_AUTHOR","VARCHAR2",500,NA,NA,"Y",15
"FS_FIADB","REF_PLANT_DICTIONARY","GENERA_BINOMIAL_AUTHOR","VARCHAR2",100,NA,NA,"Y",16
"FS_FIADB","REF_PLANT_DICTIONARY","TRINOMIAL_AUTHOR","VARCHAR2",100,NA,NA,"Y",17
"FS_FIADB","REF_PLANT_DICTIONARY","QUADRINOMIAL_AUTHOR","VARCHAR2",100,NA,NA,"Y",18
"FS_FIADB","REF_PLANT_DICTIONARY","XGENUS","VARCHAR2",1,NA,NA,"Y",19
"FS_FIADB","REF_PLANT_DICTIONARY","GENUS","VARCHAR2",40,NA,NA,"Y",20
"FS_FIADB","REF_PLANT_DICTIONARY","XSPECIES","VARCHAR2",1,NA,NA,"Y",21
"FS_FIADB","REF_PLANT_DICTIONARY","SPECIES","VARCHAR2",50,NA,NA,"Y",22
"FS_FIADB","REF_PLANT_DICTIONARY","SSP","VARCHAR2",4,NA,NA,"Y",23
"FS_FIADB","REF_PLANT_DICTIONARY","XSUBSPECIES","VARCHAR2",1,NA,NA,"Y",24
"FS_FIADB","REF_PLANT_DICTIONARY","SUBSPECIES","VARCHAR2",30,NA,NA,"Y",25
"FS_FIADB","REF_PLANT_DICTIONARY","VAR","VARCHAR2",4,NA,NA,"Y",26
"FS_FIADB","REF_PLANT_DICTIONARY","XVARIETY","VARCHAR2",1,NA,NA,"Y",27
"FS_FIADB","REF_PLANT_DICTIONARY","VARIETY","VARCHAR2",30,NA,NA,"Y",28
"FS_FIADB","REF_PLANT_DICTIONARY","SUBVAR","VARCHAR2",7,NA,NA,"Y",29
"FS_FIADB","REF_PLANT_DICTIONARY","SUBVARIETY","VARCHAR2",30,NA,NA,"Y",30
"FS_FIADB","REF_PLANT_DICTIONARY","F","VARCHAR2",2,NA,NA,"Y",31
"FS_FIADB","REF_PLANT_DICTIONARY","FORMA","VARCHAR2",30,NA,NA,"Y",32
"FS_FIADB","REF_PLANT_DICTIONARY","NOTES","VARCHAR2",2000,NA,NA,"Y",33
"FS_FIADB","REF_PLANT_DICTIONARY","CREATED_BY","VARCHAR2",30,NA,NA,"Y",34
"FS_FIADB","REF_PLANT_DICTIONARY","CREATED_DATE","DATE",7,NA,NA,"Y",35
"FS_FIADB","REF_PLANT_DICTIONARY","CREATED_IN_INSTANCE","VARCHAR2",6,NA,NA,"Y",36
"FS_FIADB","REF_PLANT_DICTIONARY","MODIFIED_BY","VARCHAR2",30,NA,NA,"Y",37
"FS_FIADB","REF_PLANT_DICTIONARY","MODIFIED_DATE","DATE",7,NA,NA,"Y",38
"FS_FIADB","REF_PLANT_DICTIONARY","MODIFIED_IN_INSTANCE","VARCHAR2",6,NA,NA,"Y",39
"FS_FIADB","REF_POP_ATTRIBUTE","ATTRIBUTE_NBR","NUMBER",22,NA,NA,"Y",1
"FS_FIADB","REF_POP_ATTRIBUTE","ATTRIBUTE_DESCR","VARCHAR2",255,NA,NA,"Y",2
"FS_FIADB","REF_POP_ATTRIBUTE","EVAL_TYP","VARCHAR2",15,NA,NA,"Y",3
"FS_FIADB","REF_POP_ATTRIBUTE","NOTES","VARCHAR2",2000,NA,NA,"Y",4
"FS_FIADB","REF_POP_ATTRIBUTE","SQL_QUERY","VARCHAR2",4000,NA,NA,"Y",5
"FS_FIADB","REF_POP_ATTRIBUTE","ACTIVE","VARCHAR2",1,NA,NA,"Y",6
"FS_FIADB","REF_POP_ATTRIBUTE","GROWTH_ACCT","VARCHAR2",1,NA,NA,"Y",7
"FS_FIADB","REF_POP_ATTRIBUTE","LAND_BASIS","VARCHAR2",32,NA,NA,"Y",8
"FS_FIADB","REF_POP_ATTRIBUTE","SQL_QUERY_SE","CLOB",32765,NA,NA,"Y",9
"FS_FIADB","REF_POP_ATTRIBUTE","CREATED_BY","VARCHAR2",30,NA,NA,"Y",10
"FS_FIADB","REF_POP_ATTRIBUTE","CREATED_DATE","DATE",7,NA,NA,"Y",11
"FS_FIADB","REF_POP_ATTRIBUTE","CREATED_IN_INSTANCE","VARCHAR2",6,NA,NA,"Y",12
"FS_FIADB","REF_POP_ATTRIBUTE","MODIFIED_BY","VARCHAR2",30,NA,NA,"Y",13
"FS_FIADB","REF_POP_ATTRIBUTE","MODIFIED_DATE","DATE",7,NA,NA,"Y",14
"FS_FIADB","REF_POP_ATTRIBUTE","MODIFIED_IN_INSTANCE","VARCHAR2",6,NA,NA,"Y",15
"FS_FIADB","REF_POP_EVAL_TYP_DESCR","CN","VARCHAR2",34,NA,NA,"N",1
"FS_FIADB","REF_POP_EVAL_TYP_DESCR","LABEL_ORDER","NUMBER",22,2,0,"Y",2
"FS_FIADB","REF_POP_EVAL_TYP_DESCR","EVAL_TYP","VARCHAR2",15,NA,NA,"Y",3
"FS_FIADB","REF_POP_EVAL_TYP_DESCR","EVAL_TYP_LABEL","VARCHAR2",15,NA,NA,"Y",4
"FS_FIADB","REF_POP_EVAL_TYP_DESCR","CHANGE_EVAL_TYP","VARCHAR2",1,NA,NA,"Y",5
"FS_FIADB","REF_POP_EVAL_TYP_DESCR","EVAL_TYP_DESCR","VARCHAR2",255,NA,NA,"Y",6
"FS_FIADB","REF_POP_EVAL_TYP_DESCR","CREATED_BY","VARCHAR2",30,NA,NA,"Y",7
"FS_FIADB","REF_POP_EVAL_TYP_DESCR","CREATED_DATE","DATE",7,NA,NA,"Y",8
"FS_FIADB","REF_POP_EVAL_TYP_DESCR","CREATED_IN_INSTANCE","VARCHAR2",6,NA,NA,"Y",9
"FS_FIADB","REF_POP_EVAL_TYP_DESCR","MODIFIED_BY","VARCHAR2",30,NA,NA,"Y",10
"FS_FIADB","REF_POP_EVAL_TYP_DESCR","MODIFIED_DATE","DATE",7,NA,NA,"Y",11
"FS_FIADB","REF_POP_EVAL_TYP_DESCR","MODIFIED_IN_INSTANCE","VARCHAR2",6,NA,NA,"Y",12
"FS_FIADB","REF_POP_EVAL_TYP_DESCR","EVAL_TYP_CD","VARCHAR2",2,NA,NA,"Y",13
"FS_FIADB","REF_RESEARCH_STATION","STATECD","NUMBER",22,4,0,"N",1
"FS_FIADB","REF_RESEARCH_STATION","RSCD","NUMBER",22,2,0,"Y",2
"FS_FIADB","REF_RESEARCH_STATION","RS","VARCHAR2",5,NA,NA,"Y",3
"FS_FIADB","REF_RESEARCH_STATION","STATE_NAME","VARCHAR2",40,NA,NA,"N",4
"FS_FIADB","REF_RESEARCH_STATION","STATE_ABBR","VARCHAR2",4,NA,NA,"N",5
"FS_FIADB","REF_RESEARCH_STATION","CREATED_BY","VARCHAR2",30,NA,NA,"Y",6
"FS_FIADB","REF_RESEARCH_STATION","CREATED_DATE","DATE",7,NA,NA,"Y",7
"FS_FIADB","REF_RESEARCH_STATION","CREATED_IN_INSTANCE","VARCHAR2",6,NA,NA,"Y",8
"FS_FIADB","REF_RESEARCH_STATION","MODIFIED_BY","VARCHAR2",30,NA,NA,"Y",9
"FS_FIADB","REF_RESEARCH_STATION","MODIFIED_DATE","DATE",7,NA,NA,"Y",10
"FS_FIADB","REF_RESEARCH_STATION","MODIFIED_IN_INSTANCE","VARCHAR2",6,NA,NA,"Y",11
"FS_FIADB","REF_SIEQN","CN","VARCHAR2",34,NA,NA,"N",1
"FS_FIADB","REF_SIEQN","SIEQN_REF_CD","VARCHAR2",10,NA,NA,"Y",2
"FS_FIADB","REF_SIEQN","SIEQN_REF_NOTES","VARCHAR2",540,NA,NA,"Y",3
"FS_FIADB","REF_SIEQN","SIEQN_LOC_DESC_FSVEG","VARCHAR2",100,NA,NA,"Y",4
"FS_FIADB","REF_SIEQN","SIEQN_AGE_BASIS","VARCHAR2",10,NA,NA,"Y",5
"FS_FIADB","REF_SIEQN","CREATED_BY","VARCHAR2",30,NA,NA,"Y",6
"FS_FIADB","REF_SIEQN","CREATED_DATE","DATE",7,NA,NA,"Y",7
"FS_FIADB","REF_SIEQN","CREATED_IN_INSTANCE","VARCHAR2",6,NA,NA,"Y",8
"FS_FIADB","REF_SIEQN","MODIFIED_BY","VARCHAR2",30,NA,NA,"Y",9
"FS_FIADB","REF_SIEQN","MODIFIED_DATE","DATE",7,NA,NA,"Y",10
"FS_FIADB","REF_SIEQN","MODIFIED_IN_INSTANCE","VARCHAR2",6,NA,NA,"Y",11
"FS_FIADB","REF_STATE_ELEV","STATECD","NUMBER",22,4,0,"N",1
"FS_FIADB","REF_STATE_ELEV","MIN_ELEV","NUMBER",22,5,0,"Y",2
"FS_FIADB","REF_STATE_ELEV","MAX_ELEV","NUMBER",22,5,0,"Y",3
"FS_FIADB","REF_STATE_ELEV","LOWEST_POINT","VARCHAR2",30,NA,NA,"Y",4
"FS_FIADB","REF_STATE_ELEV","HIGHEST_POINT","VARCHAR2",30,NA,NA,"Y",5
"FS_FIADB","REF_STATE_ELEV","CREATED_BY","VARCHAR2",30,NA,NA,"Y",6
"FS_FIADB","REF_STATE_ELEV","CREATED_DATE","DATE",7,NA,NA,"Y",7
"FS_FIADB","REF_STATE_ELEV","CREATED_IN_INSTANCE","VARCHAR2",6,NA,NA,"Y",8
"FS_FIADB","REF_STATE_ELEV","MODIFIED_BY","VARCHAR2",30,NA,NA,"Y",9
"FS_FIADB","REF_STATE_ELEV","MODIFIED_DATE","DATE",7,NA,NA,"Y",10
"FS_FIADB","REF_STATE_ELEV","MODIFIED_IN_INSTANCE","VARCHAR2",6,NA,NA,"Y",11
"FS_FIADB","REF_UNIT","STATECD","NUMBER",22,4,0,"N",1
"FS_FIADB","REF_UNIT","VALUE","NUMBER",22,2,0,"N",2
"FS_FIADB","REF_UNIT","MEANING","VARCHAR2",80,NA,NA,"N",3
"FS_FIADB","REF_UNIT","CREATED_BY","VARCHAR2",30,NA,NA,"Y",4
"FS_FIADB","REF_UNIT","CREATED_DATE","DATE",7,NA,NA,"Y",5
"FS_FIADB","REF_UNIT","CREATED_IN_INSTANCE","VARCHAR2",6,NA,NA,"Y",6
"FS_FIADB","REF_UNIT","MODIFIED_BY","VARCHAR2",30,NA,NA,"Y",7
"FS_FIADB","REF_UNIT","MODIFIED_DATE","DATE",7,NA,NA,"Y",8
"FS_FIADB","REF_UNIT","MODIFIED_IN_INSTANCE","VARCHAR2",6,NA,NA,"Y",9
"FS_FIADB","SEEDLING","CN","VARCHAR2",34,NA,NA,"N",1
"FS_FIADB","SEEDLING","PLT_CN","VARCHAR2",34,NA,NA,"N",2
"FS_FIADB","SEEDLING","INVYR","NUMBER",22,4,0,"N",3
"FS_FIADB","SEEDLING","STATECD","NUMBER",22,4,0,"N",4
"FS_FIADB","SEEDLING","UNITCD","NUMBER",22,2,0,"N",5
"FS_FIADB","SEEDLING","COUNTYCD","NUMBER",22,3,0,"N",6
"FS_FIADB","SEEDLING","PLOT","NUMBER",22,5,0,"N",7
"FS_FIADB","SEEDLING","SUBP","NUMBER",22,3,0,"N",8
"FS_FIADB","SEEDLING","CONDID","NUMBER",22,1,0,"N",9
"FS_FIADB","SEEDLING","SPCD","NUMBER",22,NA,NA,"N",10
"FS_FIADB","SEEDLING","SPGRPCD","NUMBER",22,2,0,"Y",11
"FS_FIADB","SEEDLING","STOCKING","NUMBER",22,7,4,"Y",12
"FS_FIADB","SEEDLING","TREECOUNT","NUMBER",22,3,0,"Y",13
"FS_FIADB","SEEDLING","TOTAGE","NUMBER",22,3,0,"Y",14
"FS_FIADB","SEEDLING","CREATED_BY","VARCHAR2",30,NA,NA,"Y",15
"FS_FIADB","SEEDLING","CREATED_DATE","DATE",7,NA,NA,"Y",16
"FS_FIADB","SEEDLING","CREATED_IN_INSTANCE","VARCHAR2",6,NA,NA,"Y",17
"FS_FIADB","SEEDLING","MODIFIED_BY","VARCHAR2",30,NA,NA,"Y",18
"FS_FIADB","SEEDLING","MODIFIED_DATE","DATE",7,NA,NA,"Y",19
"FS_FIADB","SEEDLING","MODIFIED_IN_INSTANCE","VARCHAR2",6,NA,NA,"Y",20
"FS_FIADB","SEEDLING","TREECOUNT_CALC","NUMBER",22,NA,NA,"Y",21
"FS_FIADB","SEEDLING","TPA_UNADJ","NUMBER",22,11,6,"Y",22
"FS_FIADB","SEEDLING","CYCLE","NUMBER",22,2,0,"Y",23
"FS_FIADB","SEEDLING","SUBCYCLE","NUMBER",22,2,0,"Y",24
"FS_FIADB","SEEDLING","DAMAGE_AGENT_CD1_SRS","NUMBER",22,5,0,"Y",25
"FS_FIADB","SEEDLING","PCT_AFFECTED_DAMAGE_AGENT1_SRS","NUMBER",22,3,0,"Y",26
"FS_FIADB","SEEDLING","DAMAGE_AGENT_CD2_SRS","NUMBER",22,5,0,"Y",27
"FS_FIADB","SEEDLING","PCT_AFFECTED_DAMAGE_AGENT2_SRS","NUMBER",22,3,0,"Y",28
"FS_FIADB","SEEDLING","DAMAGE_AGENT_CD3_SRS","NUMBER",22,5,0,"Y",29
"FS_FIADB","SEEDLING","PCT_AFFECTED_DAMAGE_AGENT3_SRS","NUMBER",22,3,0,"Y",30
"FS_FIADB","SEEDLING","AGECD_RMRS","NUMBER",22,1,0,"Y",31
"FS_FIADB","SEEDLING","COUNTCHKCD_RMRS","NUMBER",22,1,0,"Y",32
"FS_FIADB","SEEDLING_REGEN","CN","VARCHAR2",34,NA,NA,"N",1
"FS_FIADB","SEEDLING_REGEN","PLT_CN","VARCHAR2",34,NA,NA,"N",2
"FS_FIADB","SEEDLING_REGEN","CND_CN","VARCHAR2",34,NA,NA,"N",3
"FS_FIADB","SEEDLING_REGEN","SCD_CN","VARCHAR2",34,NA,NA,"N",4
"FS_FIADB","SEEDLING_REGEN","INVYR","NUMBER",22,4,0,"N",5
"FS_FIADB","SEEDLING_REGEN","STATECD","NUMBER",22,4,0,"N",6
"FS_FIADB","SEEDLING_REGEN","UNITCD","NUMBER",22,2,0,"N",7
"FS_FIADB","SEEDLING_REGEN","COUNTYCD","NUMBER",22,3,0,"N",8
"FS_FIADB","SEEDLING_REGEN","PLOT","NUMBER",22,5,0,"N",9
"FS_FIADB","SEEDLING_REGEN","SUBP","NUMBER",22,1,0,"N",10
"FS_FIADB","SEEDLING_REGEN","CONDID","NUMBER",22,1,0,"N",11
"FS_FIADB","SEEDLING_REGEN","SPCD","NUMBER",22,NA,NA,"N",12
"FS_FIADB","SEEDLING_REGEN","SPGRPCD","NUMBER",22,2,0,"Y",13
"FS_FIADB","SEEDLING_REGEN","SEEDLING_SOURCE_CD","VARCHAR2",2,NA,NA,"N",14
"FS_FIADB","SEEDLING_REGEN","LENGTH_CLASS_CD","NUMBER",22,1,0,"N",15
"FS_FIADB","SEEDLING_REGEN","SEEDLINGCOUNT","NUMBER",22,3,0,"N",16
"FS_FIADB","SEEDLING_REGEN","CREATED_BY","VARCHAR2",30,NA,NA,"Y",17
"FS_FIADB","SEEDLING_REGEN","CREATED_DATE","DATE",7,NA,NA,"Y",18
"FS_FIADB","SEEDLING_REGEN","CREATED_IN_INSTANCE","VARCHAR2",6,NA,NA,"Y",19
"FS_FIADB","SEEDLING_REGEN","MODIFIED_BY","VARCHAR2",30,NA,NA,"Y",20
"FS_FIADB","SEEDLING_REGEN","MODIFIED_DATE","DATE",7,NA,NA,"Y",21
"FS_FIADB","SEEDLING_REGEN","MODIFIED_IN_INSTANCE","VARCHAR2",6,NA,NA,"Y",22
"FS_FIADB","SEEDLING_REGEN","CYCLE","NUMBER",22,2,0,"Y",23
"FS_FIADB","SEEDLING_REGEN","SUBCYCLE","NUMBER",22,2,0,"Y",24
"FS_FIADB","SEEDLING_REGEN","TPA_UNADJ","NUMBER",22,11,6,"Y",25
"FS_FIADB","SITETREE","CN","VARCHAR2",34,NA,NA,"N",1
"FS_FIADB","SITETREE","PLT_CN","VARCHAR2",34,NA,NA,"N",2
"FS_FIADB","SITETREE","PREV_SIT_CN","VARCHAR2",34,NA,NA,"Y",3
"FS_FIADB","SITETREE","INVYR","NUMBER",22,4,0,"N",4
"FS_FIADB","SITETREE","STATECD","NUMBER",22,4,0,"N",5
"FS_FIADB","SITETREE","UNITCD","NUMBER",22,2,0,"N",6
"FS_FIADB","SITETREE","COUNTYCD","NUMBER",22,3,0,"N",7
"FS_FIADB","SITETREE","PLOT","NUMBER",22,5,0,"N",8
"FS_FIADB","SITETREE","CONDID","NUMBER",22,1,0,"N",9
"FS_FIADB","SITETREE","TREE","NUMBER",22,9,0,"N",10
"FS_FIADB","SITETREE","SPCD","NUMBER",22,NA,NA,"Y",11
"FS_FIADB","SITETREE","DIA","NUMBER",22,5,2,"Y",12
"FS_FIADB","SITETREE","HT","NUMBER",22,3,0,"Y",13
"FS_FIADB","SITETREE","AGEDIA","NUMBER",22,3,0,"Y",14
"FS_FIADB","SITETREE","SPGRPCD","NUMBER",22,2,0,"Y",15
"FS_FIADB","SITETREE","SITREE","NUMBER",22,3,0,"Y",16
"FS_FIADB","SITETREE","SIBASE","NUMBER",22,3,0,"Y",17
"FS_FIADB","SITETREE","SUBP","NUMBER",22,3,0,"Y",18
"FS_FIADB","SITETREE","AZIMUTH","NUMBER",22,3,0,"Y",19
"FS_FIADB","SITETREE","DIST","NUMBER",22,4,1,"Y",20
"FS_FIADB","SITETREE","METHOD","NUMBER",22,2,0,"N",21
"FS_FIADB","SITETREE","SITREE_EST","NUMBER",22,3,0,"Y",22
"FS_FIADB","SITETREE","VALIDCD","NUMBER",22,1,0,"Y",23
"FS_FIADB","SITETREE","CREATED_BY","VARCHAR2",30,NA,NA,"Y",24
"FS_FIADB","SITETREE","CREATED_DATE","DATE",7,NA,NA,"Y",25
"FS_FIADB","SITETREE","CREATED_IN_INSTANCE","VARCHAR2",6,NA,NA,"Y",26
"FS_FIADB","SITETREE","MODIFIED_BY","VARCHAR2",30,NA,NA,"Y",27
"FS_FIADB","SITETREE","MODIFIED_DATE","DATE",7,NA,NA,"Y",28
"FS_FIADB","SITETREE","MODIFIED_IN_INSTANCE","VARCHAR2",6,NA,NA,"Y",29
"FS_FIADB","SITETREE","CYCLE","NUMBER",22,2,0,"Y",30
"FS_FIADB","SITETREE","SUBCYCLE","NUMBER",22,2,0,"Y",31
"FS_FIADB","SITETREE","AGECHKCD_RMRS","NUMBER",22,1,0,"Y",32
"FS_FIADB","SITETREE","AGE_DETERMINATION_METHOD_PNWRS","NUMBER",22,1,0,"Y",33
"FS_FIADB","SITETREE","CCLCD_RMRS","NUMBER",22,1,0,"Y",34
"FS_FIADB","SITETREE","DAMAGE_AGENT_CD1_RMRS","NUMBER",22,5,0,"Y",35
"FS_FIADB","SITETREE","DAMAGE_AGENT_CD2_RMRS","NUMBER",22,5,0,"Y",36
"FS_FIADB","SITETREE","DAMAGE_AGENT_CD3_RMRS","NUMBER",22,5,0,"Y",37
"FS_FIADB","SITETREE","SIBASE_AGE_PNWRS","NUMBER",22,3,0,"Y",38
"FS_FIADB","SITETREE","SITETRCD_RMRS","NUMBER",22,1,0,"Y",39
"FS_FIADB","SITETREE","SITE_AGE_TREE_STATUS_PNWRS","VARCHAR2",1,NA,NA,"Y",40
"FS_FIADB","SITETREE","SITE_AGE_TREE_TYPE_PNWRS","NUMBER",22,1,0,"Y",41
"FS_FIADB","SITETREE","SITE_TREE_METHOD_PNWRS","VARCHAR2",1,NA,NA,"Y",42
"FS_FIADB","SITETREE","SITREE_EQU_NO_PNWRS","NUMBER",22,3,0,"Y",43
"FS_FIADB","SITETREE","TREECLCD_RMRS","NUMBER",22,2,0,"Y",44
"FS_FIADB","SITETREE","TREE_ACT_RMRS","NUMBER",22,3,0,"Y",45
"FS_FIADB","SITETREE","YEAR_AGE_TAKEN","NUMBER",22,4,0,"Y",46
"FS_FIADB","SITETREE","SIEQN_REF_CD","VARCHAR2",10,NA,NA,"Y",47
"FS_FIADB","SITETREE","SITREE_FVS","NUMBER",22,3,0,"Y",48
"FS_FIADB","SITETREE","SIBASE_FVS","NUMBER",22,3,0,"Y",49
"FS_FIADB","SITETREE","SIEQN_REF_CD_FVS","VARCHAR2",10,NA,NA,"Y",50
"FS_FIADB","SOILS_EROSION","CN","VARCHAR2",34,NA,NA,"N",1
"FS_FIADB","SOILS_EROSION","PLT_CN","VARCHAR2",34,NA,NA,"N",2
"FS_FIADB","SOILS_EROSION","INVYR","NUMBER",22,4,0,"N",3
"FS_FIADB","SOILS_EROSION","STATECD","NUMBER",22,4,0,"N",4
"FS_FIADB","SOILS_EROSION","COUNTYCD","NUMBER",22,3,0,"N",5
"FS_FIADB","SOILS_EROSION","PLOT","NUMBER",22,5,0,"N",6
"FS_FIADB","SOILS_EROSION","SUBP","NUMBER",22,NA,NA,"N",7
"FS_FIADB","SOILS_EROSION","MEASYEAR","NUMBER",22,4,0,"N",8
"FS_FIADB","SOILS_EROSION","SOILSPCT","NUMBER",22,NA,NA,"Y",9
"FS_FIADB","SOILS_EROSION","COMPCPCT","NUMBER",22,NA,NA,"Y",10
"FS_FIADB","SOILS_EROSION","TYPRTDCD","NUMBER",22,NA,NA,"Y",11
"FS_FIADB","SOILS_EROSION","TYPCMPCD","NUMBER",22,NA,NA,"Y",12
"FS_FIADB","SOILS_EROSION","TYPAREACD","NUMBER",22,NA,NA,"Y",13
"FS_FIADB","SOILS_EROSION","TYPOTHRCD","NUMBER",22,NA,NA,"Y",14
"FS_FIADB","SOILS_EROSION","CREATED_BY","VARCHAR2",30,NA,NA,"Y",15
"FS_FIADB","SOILS_EROSION","CREATED_DATE","DATE",7,NA,NA,"Y",16
"FS_FIADB","SOILS_EROSION","CREATED_IN_INSTANCE","VARCHAR2",6,NA,NA,"Y",17
"FS_FIADB","SOILS_EROSION","MODIFIED_BY","VARCHAR2",30,NA,NA,"Y",18
"FS_FIADB","SOILS_EROSION","MODIFIED_DATE","DATE",7,NA,NA,"Y",19
"FS_FIADB","SOILS_EROSION","MODIFIED_IN_INSTANCE","VARCHAR2",6,NA,NA,"Y",20
"FS_FIADB","SOILS_LAB","CN","VARCHAR2",34,NA,NA,"N",1
"FS_FIADB","SOILS_LAB","PLT_CN","VARCHAR2",34,NA,NA,"N",2
"FS_FIADB","SOILS_LAB","INVYR","NUMBER",22,4,0,"N",3
"FS_FIADB","SOILS_LAB","STATECD","NUMBER",22,4,0,"N",4
"FS_FIADB","SOILS_LAB","COUNTYCD","NUMBER",22,3,0,"N",5
"FS_FIADB","SOILS_LAB","PLOT","NUMBER",22,5,0,"N",6
"FS_FIADB","SOILS_LAB","SMPLNNBR","NUMBER",22,3,0,"N",7
"FS_FIADB","SOILS_LAB","VSTNBR","NUMBER",22,1,0,"Y",8
"FS_FIADB","SOILS_LAB","LAYER_TYPE","VARCHAR2",10,NA,NA,"Y",9
"FS_FIADB","SOILS_LAB","SAMPLER_TYPE","VARCHAR2",2,NA,NA,"Y",10
"FS_FIADB","SOILS_LAB","QASTATCD","NUMBER",22,1,0,"Y",11
"FS_FIADB","SOILS_LAB","SAMPLE_DATE","DATE",7,NA,NA,"Y",12
"FS_FIADB","SOILS_LAB","LAB_ID","VARCHAR2",10,NA,NA,"Y",13
"FS_FIADB","SOILS_LAB","SAMPLE_ID","VARCHAR2",12,NA,NA,"Y",14
"FS_FIADB","SOILS_LAB","FIELD_MOIST_SOIL_WT","NUMBER",22,7,2,"Y",15
"FS_FIADB","SOILS_LAB","AIR_DRY_SOIL_WT","NUMBER",22,7,2,"Y",16
"FS_FIADB","SOILS_LAB","OVEN_DRY_SOIL_WT","NUMBER",22,7,2,"Y",17
"FS_FIADB","SOILS_LAB","FIELD_MOIST_WATER_CONTENT_PCT","NUMBER",22,6,2,"Y",18
"FS_FIADB","SOILS_LAB","RESIDUAL_WATER_CONTENT_PCT","NUMBER",22,6,2,"Y",19
"FS_FIADB","SOILS_LAB","TOTAL_WATER_CONTENT_PCT","NUMBER",22,6,2,"Y",20
"FS_FIADB","SOILS_LAB","BULK_DENSITY","NUMBER",22,7,3,"Y",21
"FS_FIADB","SOILS_LAB","COARSE_FRACTION_PCT","NUMBER",22,7,3,"Y",22
"FS_FIADB","SOILS_LAB","C_ORG_PCT","NUMBER",22,7,3,"Y",23
"FS_FIADB","SOILS_LAB","C_INORG_PCT","NUMBER",22,7,3,"Y",24
"FS_FIADB","SOILS_LAB","C_TOTAL_PCT","NUMBER",22,7,3,"Y",25
"FS_FIADB","SOILS_LAB","N_TOTAL_PCT","NUMBER",22,7,3,"Y",26
"FS_FIADB","SOILS_LAB","PH_H2O","NUMBER",22,7,3,"Y",27
"FS_FIADB","SOILS_LAB","PH_CACL2","NUMBER",22,7,3,"Y",28
"FS_FIADB","SOILS_LAB","EXCHNG_NA","NUMBER",22,9,3,"Y",29
"FS_FIADB","SOILS_LAB","EXCHNG_K","NUMBER",22,9,3,"Y",30
"FS_FIADB","SOILS_LAB","EXCHNG_MG","NUMBER",22,9,3,"Y",31
"FS_FIADB","SOILS_LAB","EXCHNG_CA","NUMBER",22,9,3,"Y",32
"FS_FIADB","SOILS_LAB","EXCHNG_AL","NUMBER",22,9,3,"Y",33
"FS_FIADB","SOILS_LAB","ECEC","NUMBER",22,9,3,"Y",34
"FS_FIADB","SOILS_LAB","EXCHNG_MN","NUMBER",22,9,3,"Y",35
"FS_FIADB","SOILS_LAB","EXCHNG_FE","NUMBER",22,9,3,"Y",36
"FS_FIADB","SOILS_LAB","EXCHNG_NI","NUMBER",22,9,3,"Y",37
"FS_FIADB","SOILS_LAB","EXCHNG_CU","NUMBER",22,9,3,"Y",38
"FS_FIADB","SOILS_LAB","EXCHNG_ZN","NUMBER",22,9,3,"Y",39
"FS_FIADB","SOILS_LAB","EXCHNG_CD","NUMBER",22,9,3,"Y",40
"FS_FIADB","SOILS_LAB","EXCHNG_PB","NUMBER",22,9,3,"Y",41
"FS_FIADB","SOILS_LAB","EXCHNG_S","NUMBER",22,9,3,"Y",42
"FS_FIADB","SOILS_LAB","BRAY1_P","NUMBER",22,9,3,"Y",43
"FS_FIADB","SOILS_LAB","OLSEN_P","NUMBER",22,9,3,"Y",44
"FS_FIADB","SOILS_LAB","MEASYEAR","NUMBER",22,4,0,"N",45
"FS_FIADB","SOILS_LAB","MODIFIED_BY","VARCHAR2",30,NA,NA,"Y",46
"FS_FIADB","SOILS_LAB","MODIFIED_DATE","DATE",7,NA,NA,"Y",47
"FS_FIADB","SOILS_LAB","MODIFIED_IN_INSTANCE","VARCHAR2",6,NA,NA,"Y",48
"FS_FIADB","SOILS_LAB","CREATED_BY","VARCHAR2",30,NA,NA,"Y",49
"FS_FIADB","SOILS_LAB","CREATED_DATE","DATE",7,NA,NA,"Y",50
"FS_FIADB","SOILS_LAB","CREATED_IN_INSTANCE","VARCHAR2",6,NA,NA,"Y",51
"FS_FIADB","SOILS_SAMPLE_LOC","CN","VARCHAR2",34,NA,NA,"N",1
"FS_FIADB","SOILS_SAMPLE_LOC","PLT_CN","VARCHAR2",34,NA,NA,"N",2
"FS_FIADB","SOILS_SAMPLE_LOC","INVYR","NUMBER",22,4,0,"N",3
"FS_FIADB","SOILS_SAMPLE_LOC","STATECD","NUMBER",22,4,0,"N",4
"FS_FIADB","SOILS_SAMPLE_LOC","COUNTYCD","NUMBER",22,3,0,"N",5
"FS_FIADB","SOILS_SAMPLE_LOC","PLOT","NUMBER",22,5,0,"N",6
"FS_FIADB","SOILS_SAMPLE_LOC","SMPLNNBR","NUMBER",22,1,0,"N",7
"FS_FIADB","SOILS_SAMPLE_LOC","MEASYEAR","NUMBER",22,4,0,"N",8
"FS_FIADB","SOILS_SAMPLE_LOC","FORFLTHK","NUMBER",22,NA,NA,"Y",9
"FS_FIADB","SOILS_SAMPLE_LOC","LTRLRTHK","NUMBER",22,NA,NA,"Y",10
"FS_FIADB","SOILS_SAMPLE_LOC","FORFLTHKN","NUMBER",22,NA,NA,"Y",11
"FS_FIADB","SOILS_SAMPLE_LOC","LTRLRTHKN","NUMBER",22,NA,NA,"Y",12
"FS_FIADB","SOILS_SAMPLE_LOC","FORFLTHKS","NUMBER",22,NA,NA,"Y",13
"FS_FIADB","SOILS_SAMPLE_LOC","LTRLRTHKS","NUMBER",22,NA,NA,"Y",14
"FS_FIADB","SOILS_SAMPLE_LOC","FORFLTHKE","NUMBER",22,NA,NA,"Y",15
"FS_FIADB","SOILS_SAMPLE_LOC","LTRLRTHKE","NUMBER",22,NA,NA,"Y",16
"FS_FIADB","SOILS_SAMPLE_LOC","FORFLTHKW","NUMBER",22,NA,NA,"Y",17
"FS_FIADB","SOILS_SAMPLE_LOC","LTRLRTHKW","NUMBER",22,NA,NA,"Y",18
"FS_FIADB","SOILS_SAMPLE_LOC","CONDID","NUMBER",22,1,0,"Y",19
"FS_FIADB","SOILS_SAMPLE_LOC","VSTNBR","NUMBER",22,1,0,"N",20
"FS_FIADB","SOILS_SAMPLE_LOC","TXTRLYR1","NUMBER",22,NA,NA,"Y",21
"FS_FIADB","SOILS_SAMPLE_LOC","TXTRLYR2","NUMBER",22,NA,NA,"Y",22
"FS_FIADB","SOILS_SAMPLE_LOC","DPTHSBSL","NUMBER",22,NA,NA,"Y",23
"FS_FIADB","SOILS_SAMPLE_LOC","SOILS_STATCD","NUMBER",22,2,0,"N",24
"FS_FIADB","SOILS_SAMPLE_LOC","CREATED_BY","VARCHAR2",30,NA,NA,"Y",25
"FS_FIADB","SOILS_SAMPLE_LOC","CREATED_DATE","DATE",7,NA,NA,"Y",26
"FS_FIADB","SOILS_SAMPLE_LOC","CREATED_IN_INSTANCE","VARCHAR2",6,NA,NA,"Y",27
"FS_FIADB","SOILS_SAMPLE_LOC","MODIFIED_BY","VARCHAR2",30,NA,NA,"Y",28
"FS_FIADB","SOILS_SAMPLE_LOC","MODIFIED_DATE","DATE",7,NA,NA,"Y",29
"FS_FIADB","SOILS_SAMPLE_LOC","MODIFIED_IN_INSTANCE","VARCHAR2",6,NA,NA,"Y",30
"FS_FIADB","SOILS_VISIT","CN","VARCHAR2",34,NA,NA,"N",1
"FS_FIADB","SOILS_VISIT","PLT_CN","VARCHAR2",34,NA,NA,"N",2
"FS_FIADB","SOILS_VISIT","INVYR","NUMBER",22,4,0,"N",3
"FS_FIADB","SOILS_VISIT","STATECD","NUMBER",22,4,0,"N",4
"FS_FIADB","SOILS_VISIT","COUNTYCD","NUMBER",22,3,0,"N",5
"FS_FIADB","SOILS_VISIT","PLOT","NUMBER",22,5,0,"N",6
"FS_FIADB","SOILS_VISIT","MEASDAY","NUMBER",22,2,0,"Y",7
"FS_FIADB","SOILS_VISIT","MEASMON","NUMBER",22,2,0,"Y",8
"FS_FIADB","SOILS_VISIT","MEASYEAR","NUMBER",22,4,0,"N",9
"FS_FIADB","SOILS_VISIT","CREATED_BY","VARCHAR2",30,NA,NA,"Y",10
"FS_FIADB","SOILS_VISIT","CREATED_DATE","DATE",7,NA,NA,"Y",11
"FS_FIADB","SOILS_VISIT","CREATED_IN_INSTANCE","VARCHAR2",6,NA,NA,"Y",12
"FS_FIADB","SOILS_VISIT","MODIFIED_BY","VARCHAR2",30,NA,NA,"Y",13
"FS_FIADB","SOILS_VISIT","MODIFIED_DATE","DATE",7,NA,NA,"Y",14
"FS_FIADB","SOILS_VISIT","MODIFIED_IN_INSTANCE","VARCHAR2",6,NA,NA,"Y",15
"FS_FIADB","SOILS_VISIT","QA_STATUS","NUMBER",22,1,0,"Y",16
"FS_FIADB","SUBPLOT","CN","VARCHAR2",34,NA,NA,"N",1
"FS_FIADB","SUBPLOT","PLT_CN","VARCHAR2",34,NA,NA,"N",2
"FS_FIADB","SUBPLOT","PREV_SBP_CN","VARCHAR2",34,NA,NA,"Y",3
"FS_FIADB","SUBPLOT","INVYR","NUMBER",22,4,0,"N",4
"FS_FIADB","SUBPLOT","STATECD","NUMBER",22,4,0,"N",5
"FS_FIADB","SUBPLOT","UNITCD","NUMBER",22,2,0,"N",6
"FS_FIADB","SUBPLOT","COUNTYCD","NUMBER",22,3,0,"N",7
"FS_FIADB","SUBPLOT","PLOT","NUMBER",22,5,0,"N",8
"FS_FIADB","SUBPLOT","SUBP","NUMBER",22,3,0,"N",9
"FS_FIADB","SUBPLOT","SUBP_STATUS_CD","NUMBER",22,1,0,"Y",10
"FS_FIADB","SUBPLOT","POINT_NONSAMPLE_REASN_CD","NUMBER",22,2,0,"Y",11
"FS_FIADB","SUBPLOT","MICRCOND","NUMBER",22,1,0,"Y",12
"FS_FIADB","SUBPLOT","SUBPCOND","NUMBER",22,1,0,"Y",13
"FS_FIADB","SUBPLOT","MACRCOND","NUMBER",22,1,0,"Y",14
"FS_FIADB","SUBPLOT","CONDLIST","NUMBER",22,4,0,"Y",15
"FS_FIADB","SUBPLOT","SLOPE","NUMBER",22,3,0,"Y",16
"FS_FIADB","SUBPLOT","ASPECT","NUMBER",22,3,0,"Y",17
"FS_FIADB","SUBPLOT","WATERDEP","NUMBER",22,2,1,"Y",18
"FS_FIADB","SUBPLOT","P2A_GRM_FLG","VARCHAR2",1,NA,NA,"Y",19
"FS_FIADB","SUBPLOT","CREATED_BY","VARCHAR2",30,NA,NA,"Y",20
"FS_FIADB","SUBPLOT","CREATED_DATE","DATE",7,NA,NA,"Y",21
"FS_FIADB","SUBPLOT","CREATED_IN_INSTANCE","VARCHAR2",6,NA,NA,"Y",22
"FS_FIADB","SUBPLOT","MODIFIED_BY","VARCHAR2",30,NA,NA,"Y",23
"FS_FIADB","SUBPLOT","MODIFIED_DATE","DATE",7,NA,NA,"Y",24
"FS_FIADB","SUBPLOT","MODIFIED_IN_INSTANCE","VARCHAR2",6,NA,NA,"Y",25
"FS_FIADB","SUBPLOT","CYCLE","NUMBER",22,2,0,"Y",26
"FS_FIADB","SUBPLOT","SUBCYCLE","NUMBER",22,2,0,"Y",27
"FS_FIADB","SUBPLOT","ROOT_DIS_SEV_CD_PNWRS","NUMBER",22,1,0,"Y",28
"FS_FIADB","SUBPLOT","NF_SUBP_STATUS_CD","NUMBER",22,1,0,"Y",29
"FS_FIADB","SUBPLOT","NF_SUBP_NONSAMPLE_REASN_CD","NUMBER",22,2,0,"Y",30
"FS_FIADB","SUBPLOT","P2VEG_SUBP_STATUS_CD","NUMBER",22,1,0,"Y",31
"FS_FIADB","SUBPLOT","P2VEG_SUBP_NONSAMPLE_REASN_CD","NUMBER",22,2,0,"Y",32
"FS_FIADB","SUBPLOT","INVASIVE_SUBP_STATUS_CD","NUMBER",22,1,0,"Y",33
"FS_FIADB","SUBPLOT","INVASIVE_NONSAMPLE_REASN_CD","NUMBER",22,2,0,"Y",34
"FS_FIADB","SUBPLOT","CROWN_CLOSURE_ME_NERS","NUMBER",22,1,0,"Y",35
"FS_FIADB","SUBPLOT","GROUND_TRAN_PTS_BARE_RMRS","NUMBER",22,3,0,"Y",36
"FS_FIADB","SUBPLOT","GROUND_TRAN_PTS_CRYP_RMRS","NUMBER",22,3,0,"Y",37
"FS_FIADB","SUBPLOT","GROUND_TRAN_PTS_DEV_RMRS","NUMBER",22,3,0,"Y",38
"FS_FIADB","SUBPLOT","GROUND_TRAN_PTS_LICHEN_RMRS","NUMBER",22,3,0,"Y",39
"FS_FIADB","SUBPLOT","GROUND_TRAN_PTS_LITTER_RMRS","NUMBER",22,3,0,"Y",40
"FS_FIADB","SUBPLOT","GROUND_TRAN_PTS_MOSS_RMRS","NUMBER",22,3,0,"Y",41
"FS_FIADB","SUBPLOT","GROUND_TRAN_PTS_NOTSAMP_RMRS","NUMBER",22,3,0,"Y",42
"FS_FIADB","SUBPLOT","GROUND_TRAN_PTS_OTHER_RMRS","NUMBER",22,3,0,"Y",43
"FS_FIADB","SUBPLOT","GROUND_TRAN_PTS_PEIS_RMRS","NUMBER",22,3,0,"Y",44
"FS_FIADB","SUBPLOT","GROUND_TRAN_PTS_ROAD_RMRS","NUMBER",22,3,0,"Y",45
"FS_FIADB","SUBPLOT","GROUND_TRAN_PTS_ROCK_RMRS","NUMBER",22,3,0,"Y",46
"FS_FIADB","SUBPLOT","GROUND_TRAN_PTS_TRIS_RMRS","NUMBER",22,3,0,"Y",47
"FS_FIADB","SUBPLOT","GROUND_TRAN_PTS_VEG_RMRS","NUMBER",22,3,0,"Y",48
"FS_FIADB","SUBPLOT","GROUND_TRAN_PTS_WATER_RMRS","NUMBER",22,3,0,"Y",49
"FS_FIADB","SUBPLOT","GROUND_TRAN_PTS_WOOD_RMRS","NUMBER",22,3,0,"Y",50
"FS_FIADB","SUBPLOT","PREV_STATUSCD_RMRS","NUMBER",22,1,0,"Y",51
"FS_FIADB","SUBPLOT","ROOTSEVCD_RMRS","NUMBER",22,1,0,"Y",52
"FS_FIADB","SUBPLOT_REGEN","CN","VARCHAR2",34,NA,NA,"N",1
"FS_FIADB","SUBPLOT_REGEN","PLT_CN","VARCHAR2",34,NA,NA,"N",2
"FS_FIADB","SUBPLOT_REGEN","SBP_CN","VARCHAR2",34,NA,NA,"N",3
"FS_FIADB","SUBPLOT_REGEN","INVYR","NUMBER",22,4,0,"N",4
"FS_FIADB","SUBPLOT_REGEN","STATECD","NUMBER",22,4,0,"N",5
"FS_FIADB","SUBPLOT_REGEN","UNITCD","NUMBER",22,2,0,"N",6
"FS_FIADB","SUBPLOT_REGEN","COUNTYCD","NUMBER",22,3,0,"N",7
"FS_FIADB","SUBPLOT_REGEN","PLOT","NUMBER",22,5,0,"N",8
"FS_FIADB","SUBPLOT_REGEN","SUBP","NUMBER",22,2,0,"N",9
"FS_FIADB","SUBPLOT_REGEN","REGEN_SUBP_STATUS_CD","NUMBER",22,1,0,"Y",10
"FS_FIADB","SUBPLOT_REGEN","REGEN_NONSAMPLE_REASN_CD","NUMBER",22,2,0,"Y",11
"FS_FIADB","SUBPLOT_REGEN","SUBPLOT_SITE_LIMITATIONS","NUMBER",22,1,0,"Y",12
"FS_FIADB","SUBPLOT_REGEN","MICROPLOT_SITE_LIMITATIONS","NUMBER",22,1,0,"Y",13
"FS_FIADB","SUBPLOT_REGEN","CREATED_BY","VARCHAR2",30,NA,NA,"Y",14
"FS_FIADB","SUBPLOT_REGEN","CREATED_DATE","DATE",7,NA,NA,"Y",15
"FS_FIADB","SUBPLOT_REGEN","CREATED_IN_INSTANCE","VARCHAR2",6,NA,NA,"Y",16
"FS_FIADB","SUBPLOT_REGEN","MODIFIED_BY","VARCHAR2",30,NA,NA,"Y",17
"FS_FIADB","SUBPLOT_REGEN","MODIFIED_DATE","DATE",7,NA,NA,"Y",18
"FS_FIADB","SUBPLOT_REGEN","MODIFIED_IN_INSTANCE","VARCHAR2",6,NA,NA,"Y",19
"FS_FIADB","SUBPLOT_REGEN","CYCLE","NUMBER",22,2,0,"Y",20
"FS_FIADB","SUBPLOT_REGEN","SUBCYCLE","NUMBER",22,2,0,"Y",21
"FS_FIADB","SUBPLOT_REGEN","REGEN_MICR_STATUS_CD","NUMBER",22,1,0,"Y",22
"FS_FIADB","SUBP_COND","CN","VARCHAR2",34,NA,NA,"N",1
"FS_FIADB","SUBP_COND","PLT_CN","VARCHAR2",34,NA,NA,"N",2
"FS_FIADB","SUBP_COND","INVYR","NUMBER",22,4,0,"N",3
"FS_FIADB","SUBP_COND","STATECD","NUMBER",22,4,0,"N",4
"FS_FIADB","SUBP_COND","UNITCD","NUMBER",22,2,0,"N",5
"FS_FIADB","SUBP_COND","COUNTYCD","NUMBER",22,3,0,"N",6
"FS_FIADB","SUBP_COND","PLOT","NUMBER",22,5,0,"N",7
"FS_FIADB","SUBP_COND","SUBP","NUMBER",22,3,0,"N",8
"FS_FIADB","SUBP_COND","CONDID","NUMBER",22,1,0,"N",9
"FS_FIADB","SUBP_COND","CREATED_BY","VARCHAR2",30,NA,NA,"Y",10
"FS_FIADB","SUBP_COND","CREATED_DATE","DATE",7,NA,NA,"Y",11
"FS_FIADB","SUBP_COND","CREATED_IN_INSTANCE","VARCHAR2",6,NA,NA,"Y",12
"FS_FIADB","SUBP_COND","MODIFIED_BY","VARCHAR2",30,NA,NA,"Y",13
"FS_FIADB","SUBP_COND","MODIFIED_DATE","DATE",7,NA,NA,"Y",14
"FS_FIADB","SUBP_COND","MODIFIED_IN_INSTANCE","VARCHAR2",6,NA,NA,"Y",15
"FS_FIADB","SUBP_COND","MICRCOND_PROP","NUMBER",22,NA,NA,"Y",16
"FS_FIADB","SUBP_COND","SUBPCOND_PROP","NUMBER",22,NA,NA,"Y",17
"FS_FIADB","SUBP_COND","MACRCOND_PROP","NUMBER",22,NA,NA,"Y",18
"FS_FIADB","SUBP_COND","NONFR_INCL_PCT_SUBP","NUMBER",22,3,0,"Y",19
"FS_FIADB","SUBP_COND","NONFR_INCL_PCT_MACRO","NUMBER",22,3,0,"Y",20
"FS_FIADB","SUBP_COND","CYCLE","NUMBER",22,2,0,"Y",21
"FS_FIADB","SUBP_COND","SUBCYCLE","NUMBER",22,2,0,"Y",22
"FS_FIADB","SUBP_COND_CHNG_MTRX","CN","VARCHAR2",34,NA,NA,"N",1
"FS_FIADB","SUBP_COND_CHNG_MTRX","STATECD","NUMBER",22,4,0,"N",2
"FS_FIADB","SUBP_COND_CHNG_MTRX","SUBP","NUMBER",22,1,0,"N",3
"FS_FIADB","SUBP_COND_CHNG_MTRX","SUBPTYP","NUMBER",22,1,0,"Y",4
"FS_FIADB","SUBP_COND_CHNG_MTRX","PLT_CN","VARCHAR2",34,NA,NA,"N",5
"FS_FIADB","SUBP_COND_CHNG_MTRX","CONDID","NUMBER",22,1,0,"N",6
"FS_FIADB","SUBP_COND_CHNG_MTRX","PREV_PLT_CN","VARCHAR2",34,NA,NA,"N",7
"FS_FIADB","SUBP_COND_CHNG_MTRX","PREVCOND","NUMBER",22,1,0,"N",8
"FS_FIADB","SUBP_COND_CHNG_MTRX","SUBPTYP_PROP_CHNG","NUMBER",22,5,4,"Y",9
"FS_FIADB","SUBP_COND_CHNG_MTRX","CREATED_BY","VARCHAR2",30,NA,NA,"Y",10
"FS_FIADB","SUBP_COND_CHNG_MTRX","CREATED_DATE","DATE",7,NA,NA,"Y",11
"FS_FIADB","SUBP_COND_CHNG_MTRX","CREATED_IN_INSTANCE","VARCHAR2",6,NA,NA,"Y",12
"FS_FIADB","SUBP_COND_CHNG_MTRX","MODIFIED_BY","VARCHAR2",30,NA,NA,"Y",13
"FS_FIADB","SUBP_COND_CHNG_MTRX","MODIFIED_DATE","DATE",7,NA,NA,"Y",14
"FS_FIADB","SUBP_COND_CHNG_MTRX","MODIFIED_IN_INSTANCE","VARCHAR2",6,NA,NA,"Y",15
"FS_FIADB","SUBP_SOIL_SAMPLE_LAYER","CN","VARCHAR2",34,NA,NA,"N",1
"FS_FIADB","SUBP_SOIL_SAMPLE_LAYER","SSSL_CN","VARCHAR2",34,NA,NA,"N",2
"FS_FIADB","SUBP_SOIL_SAMPLE_LAYER","PLT_CN","VARCHAR2",34,NA,NA,"N",3
"FS_FIADB","SUBP_SOIL_SAMPLE_LAYER","STATECD","NUMBER",22,4,0,"N",4
"FS_FIADB","SUBP_SOIL_SAMPLE_LAYER","COUNTYCD","NUMBER",22,3,0,"N",5
"FS_FIADB","SUBP_SOIL_SAMPLE_LAYER","PLOT","NUMBER",22,6,0,"N",6
"FS_FIADB","SUBP_SOIL_SAMPLE_LAYER","INVYR","NUMBER",22,4,0,"N",7
"FS_FIADB","SUBP_SOIL_SAMPLE_LAYER","INV_VST_NBR","NUMBER",22,2,0,"N",8
"FS_FIADB","SUBP_SOIL_SAMPLE_LAYER","CYCLE","NUMBER",22,2,0,"N",9
"FS_FIADB","SUBP_SOIL_SAMPLE_LAYER","SUBCYCLE","NUMBER",22,2,0,"N",10
"FS_FIADB","SUBP_SOIL_SAMPLE_LAYER","SUBP","NUMBER",22,1,0,"N",11
"FS_FIADB","SUBP_SOIL_SAMPLE_LAYER","VSTNBR","NUMBER",22,1,0,"Y",12
"FS_FIADB","SUBP_SOIL_SAMPLE_LAYER","SAMPLER_TYPE","VARCHAR2",2,NA,NA,"Y",13
"FS_FIADB","SUBP_SOIL_SAMPLE_LAYER","SAMPLE_DIA","NUMBER",22,7,3,"Y",14
"FS_FIADB","SUBP_SOIL_SAMPLE_LAYER","LAYER_TYPE","VARCHAR2",30,NA,NA,"N",15
"FS_FIADB","SUBP_SOIL_SAMPLE_LAYER","SOIL_SAMP_PER_AC","NUMBER",22,14,6,"Y",16
"FS_FIADB","SUBP_SOIL_SAMPLE_LAYER","LAYER_THICKNESS","NUMBER",22,5,3,"Y",17
"FS_FIADB","SUBP_SOIL_SAMPLE_LAYER","LAYER_COLLECTED_CD","NUMBER",22,1,0,"Y",18
"FS_FIADB","SUBP_SOIL_SAMPLE_LAYER","WT_FIELD_MOIST","NUMBER",22,7,2,"Y",19
"FS_FIADB","SUBP_SOIL_SAMPLE_LAYER","WT_AIR_DRY","NUMBER",22,7,2,"Y",20
"FS_FIADB","SUBP_SOIL_SAMPLE_LAYER","WT_OVEN_DRY","NUMBER",22,7,2,"Y",21
"FS_FIADB","SUBP_SOIL_SAMPLE_LAYER","WT_ROCK","NUMBER",22,7,2,"Y",22
"FS_FIADB","SUBP_SOIL_SAMPLE_LAYER","WATER_CONTENT_PCT_FIELD_MOIST","NUMBER",22,6,2,"Y",23
"FS_FIADB","SUBP_SOIL_SAMPLE_LAYER","WATER_CONTENT_PCT_RESIDUAL","NUMBER",22,6,2,"Y",24
"FS_FIADB","SUBP_SOIL_SAMPLE_LAYER","WATER_CONTENT_PCT_TOTAL","NUMBER",22,6,2,"Y",25
"FS_FIADB","SUBP_SOIL_SAMPLE_LAYER","BULK_DENSITY","NUMBER",22,10,6,"Y",26
"FS_FIADB","SUBP_SOIL_SAMPLE_LAYER","COARSE_FRACTION_PCT","NUMBER",22,7,3,"Y",27
"FS_FIADB","SUBP_SOIL_SAMPLE_LAYER","BULK_DENSITY_FINES","NUMBER",22,10,6,"Y",28
"FS_FIADB","SUBP_SOIL_SAMPLE_LAYER","TEXTURE_CD","NUMBER",22,1,0,"Y",29
"FS_FIADB","SUBP_SOIL_SAMPLE_LAYER","PH_H2O","NUMBER",22,7,3,"Y",30
"FS_FIADB","SUBP_SOIL_SAMPLE_LAYER","PH_CACL2","NUMBER",22,7,3,"Y",31
"FS_FIADB","SUBP_SOIL_SAMPLE_LAYER","ECEC","NUMBER",22,9,3,"Y",32
"FS_FIADB","SUBP_SOIL_SAMPLE_LAYER","EXCHNG_AL","NUMBER",22,9,3,"Y",33
"FS_FIADB","SUBP_SOIL_SAMPLE_LAYER","EXCHNG_CA","NUMBER",22,9,3,"Y",34
"FS_FIADB","SUBP_SOIL_SAMPLE_LAYER","EXCHNG_CD","NUMBER",22,9,3,"Y",35
"FS_FIADB","SUBP_SOIL_SAMPLE_LAYER","EXCHNG_CU","NUMBER",22,9,3,"Y",36
"FS_FIADB","SUBP_SOIL_SAMPLE_LAYER","EXCHNG_FE","NUMBER",22,9,3,"Y",37
"FS_FIADB","SUBP_SOIL_SAMPLE_LAYER","EXCHNG_K","NUMBER",22,9,3,"Y",38
"FS_FIADB","SUBP_SOIL_SAMPLE_LAYER","EXCHNG_MG","NUMBER",22,9,3,"Y",39
"FS_FIADB","SUBP_SOIL_SAMPLE_LAYER","EXCHNG_MN","NUMBER",22,9,3,"Y",40
"FS_FIADB","SUBP_SOIL_SAMPLE_LAYER","EXCHNG_NA","NUMBER",22,9,3,"Y",41
"FS_FIADB","SUBP_SOIL_SAMPLE_LAYER","EXCHNG_NI","NUMBER",22,9,3,"Y",42
"FS_FIADB","SUBP_SOIL_SAMPLE_LAYER","EXCHNG_PB","NUMBER",22,9,3,"Y",43
"FS_FIADB","SUBP_SOIL_SAMPLE_LAYER","EXCHNG_S","NUMBER",22,9,3,"Y",44
"FS_FIADB","SUBP_SOIL_SAMPLE_LAYER","EXCHNG_ZN","NUMBER",22,9,3,"Y",45
"FS_FIADB","SUBP_SOIL_SAMPLE_LAYER","BRAY1_P","NUMBER",22,9,3,"Y",46
"FS_FIADB","SUBP_SOIL_SAMPLE_LAYER","OLSEN_P","NUMBER",22,9,3,"Y",47
"FS_FIADB","SUBP_SOIL_SAMPLE_LAYER","C_ORG_PCT","NUMBER",22,7,3,"Y",48
"FS_FIADB","SUBP_SOIL_SAMPLE_LAYER","C_INORG_PCT","NUMBER",22,7,3,"Y",49
"FS_FIADB","SUBP_SOIL_SAMPLE_LAYER","C_TOTAL_PCT","NUMBER",22,7,3,"Y",50
"FS_FIADB","SUBP_SOIL_SAMPLE_LAYER","C_MG_AC","NUMBER",22,10,6,"Y",51
"FS_FIADB","SUBP_SOIL_SAMPLE_LAYER","C_MIN3_MG_AC","NUMBER",22,10,6,"Y",52
"FS_FIADB","SUBP_SOIL_SAMPLE_LAYER","N_TOTAL_PCT","NUMBER",22,7,3,"Y",53
"FS_FIADB","SUBP_SOIL_SAMPLE_LAYER","N_MG_AC","NUMBER",22,10,6,"Y",54
"FS_FIADB","SUBP_SOIL_SAMPLE_LAYER","N_MIN3_MG_AC","NUMBER",22,10,6,"Y",55
"FS_FIADB","SUBP_SOIL_SAMPLE_LAYER","CREATED_BY","VARCHAR2",30,NA,NA,"Y",56
"FS_FIADB","SUBP_SOIL_SAMPLE_LAYER","CREATED_DATE","DATE",7,NA,NA,"Y",57
"FS_FIADB","SUBP_SOIL_SAMPLE_LAYER","CREATED_IN_INSTANCE","VARCHAR2",6,NA,NA,"Y",58
"FS_FIADB","SUBP_SOIL_SAMPLE_LAYER","MODIFIED_BY","VARCHAR2",30,NA,NA,"Y",59
"FS_FIADB","SUBP_SOIL_SAMPLE_LAYER","MODIFIED_DATE","DATE",7,NA,NA,"Y",60
"FS_FIADB","SUBP_SOIL_SAMPLE_LAYER","MODIFIED_IN_INSTANCE","VARCHAR2",6,NA,NA,"Y",61
"FS_FIADB","SUBP_SOIL_SAMPLE_LOC","CN","VARCHAR2",34,NA,NA,"N",1
"FS_FIADB","SUBP_SOIL_SAMPLE_LOC","PLT_CN","VARCHAR2",34,NA,NA,"N",2
"FS_FIADB","SUBP_SOIL_SAMPLE_LOC","STATECD","NUMBER",22,2,0,"N",3
"FS_FIADB","SUBP_SOIL_SAMPLE_LOC","COUNTYCD","NUMBER",22,3,0,"N",4
"FS_FIADB","SUBP_SOIL_SAMPLE_LOC","PLOT","NUMBER",22,5,0,"N",5
"FS_FIADB","SUBP_SOIL_SAMPLE_LOC","INV_VST_NBR","NUMBER",22,2,0,"N",6
"FS_FIADB","SUBP_SOIL_SAMPLE_LOC","INVYR","NUMBER",22,4,0,"N",7
"FS_FIADB","SUBP_SOIL_SAMPLE_LOC","CYCLE","NUMBER",22,2,0,"N",8
"FS_FIADB","SUBP_SOIL_SAMPLE_LOC","SUBCYCLE","NUMBER",22,2,0,"N",9
"FS_FIADB","SUBP_SOIL_SAMPLE_LOC","UNITCD","NUMBER",22,2,0,"N",10
"FS_FIADB","SUBP_SOIL_SAMPLE_LOC","SUBP","NUMBER",22,1,0,"N",11
"FS_FIADB","SUBP_SOIL_SAMPLE_LOC","VSTNBR","NUMBER",22,1,0,"Y",12
"FS_FIADB","SUBP_SOIL_SAMPLE_LOC","CONDID","NUMBER",22,1,0,"N",13
"FS_FIADB","SUBP_SOIL_SAMPLE_LOC","SOILS_SAMPLE_METHOD_CD","NUMBER",22,1,0,"N",14
"FS_FIADB","SUBP_SOIL_SAMPLE_LOC","SOILS_SAMPLE_STATUS_CD","NUMBER",22,2,0,"N",15
"FS_FIADB","SUBP_SOIL_SAMPLE_LOC","CORE_SIZE","NUMBER",22,4,3,"Y",16
"FS_FIADB","SUBP_SOIL_SAMPLE_LOC","CORE_LENGTH","NUMBER",22,3,1,"Y",17
"FS_FIADB","SUBP_SOIL_SAMPLE_LOC","CORE_BOTTOM_CD","NUMBER",22,1,0,"Y",18
"FS_FIADB","SUBP_SOIL_SAMPLE_LOC","HOLE_DEPTH","NUMBER",22,3,1,"Y",19
"FS_FIADB","SUBP_SOIL_SAMPLE_LOC","RESTRICTION_DEPTH_CD_1","NUMBER",22,1,0,"Y",20
"FS_FIADB","SUBP_SOIL_SAMPLE_LOC","RESTRICTION_DEPTH_CD_2","NUMBER",22,1,0,"Y",21
"FS_FIADB","SUBP_SOIL_SAMPLE_LOC","RESTRICTION_DEPTH_CD_3","NUMBER",22,1,0,"Y",22
"FS_FIADB","SUBP_SOIL_SAMPLE_LOC","RESTRICTION_DEPTH_CD_4","NUMBER",22,1,0,"Y",23
"FS_FIADB","SUBP_SOIL_SAMPLE_LOC","RESTRICTION_DEPTH_1","NUMBER",22,3,1,"Y",24
"FS_FIADB","SUBP_SOIL_SAMPLE_LOC","RESTRICTION_DEPTH_2","NUMBER",22,3,1,"Y",25
"FS_FIADB","SUBP_SOIL_SAMPLE_LOC","RESTRICTION_DEPTH_3","NUMBER",22,3,1,"Y",26
"FS_FIADB","SUBP_SOIL_SAMPLE_LOC","RESTRICTION_DEPTH_4","NUMBER",22,3,1,"Y",27
"FS_FIADB","SUBP_SOIL_SAMPLE_LOC","C_TOT_3IN_MG_AC","NUMBER",22,10,6,"Y",28
"FS_FIADB","SUBP_SOIL_SAMPLE_LOC","N_TOT_3IN_MG_AC","NUMBER",22,10,6,"Y",29
"FS_FIADB","SUBP_SOIL_SAMPLE_LOC","USED_IN_ESTIMATION_CD","NUMBER",22,1,0,"Y",30
"FS_FIADB","SUBP_SOIL_SAMPLE_LOC","CREATED_BY","VARCHAR2",30,NA,NA,"Y",31
"FS_FIADB","SUBP_SOIL_SAMPLE_LOC","CREATED_DATE","DATE",7,NA,NA,"Y",32
"FS_FIADB","SUBP_SOIL_SAMPLE_LOC","CREATED_IN_INSTANCE","VARCHAR2",6,NA,NA,"Y",33
"FS_FIADB","SUBP_SOIL_SAMPLE_LOC","MODIFIED_BY","VARCHAR2",30,NA,NA,"Y",34
"FS_FIADB","SUBP_SOIL_SAMPLE_LOC","MODIFIED_DATE","DATE",7,NA,NA,"Y",35
"FS_FIADB","SUBP_SOIL_SAMPLE_LOC","MODIFIED_IN_INSTANCE","VARCHAR2",6,NA,NA,"Y",36
"FS_FIADB","SURVEY","CN","VARCHAR2",34,NA,NA,"N",1
"FS_FIADB","SURVEY","INVYR","NUMBER",22,4,0,"N",2
"FS_FIADB","SURVEY","P3_OZONE_IND","VARCHAR2",1,NA,NA,"N",3
"FS_FIADB","SURVEY","STATECD","NUMBER",22,4,0,"N",4
"FS_FIADB","SURVEY","STATEAB","VARCHAR2",2,NA,NA,"N",5
"FS_FIADB","SURVEY","STATENM","VARCHAR2",40,NA,NA,"N",6
"FS_FIADB","SURVEY","RSCD","NUMBER",22,2,0,"Y",7
"FS_FIADB","SURVEY","ANN_INVENTORY","VARCHAR2",1,NA,NA,"Y",8
"FS_FIADB","SURVEY","NOTES","VARCHAR2",2000,NA,NA,"Y",9
"FS_FIADB","SURVEY","CREATED_BY","VARCHAR2",30,NA,NA,"Y",10
"FS_FIADB","SURVEY","CREATED_DATE","DATE",7,NA,NA,"Y",11
"FS_FIADB","SURVEY","CREATED_IN_INSTANCE","VARCHAR2",6,NA,NA,"Y",12
"FS_FIADB","SURVEY","MODIFIED_BY","VARCHAR2",30,NA,NA,"Y",13
"FS_FIADB","SURVEY","MODIFIED_DATE","DATE",7,NA,NA,"Y",14
"FS_FIADB","SURVEY","MODIFIED_IN_INSTANCE","VARCHAR2",6,NA,NA,"Y",15
"FS_FIADB","SURVEY","CYCLE","NUMBER",22,2,0,"Y",16
"FS_FIADB","SURVEY","SUBCYCLE","NUMBER",22,2,0,"Y",17
"FS_FIADB","SURVEY","PRJ_CN","VARCHAR2",34,NA,NA,"N",18
"FS_FIADB","TREE","CN","VARCHAR2",34,NA,NA,"N",1
"FS_FIADB","TREE","PLT_CN","VARCHAR2",34,NA,NA,"N",2
"FS_FIADB","TREE","PREV_TRE_CN","VARCHAR2",34,NA,NA,"Y",3
"FS_FIADB","TREE","INVYR","NUMBER",22,4,0,"N",4
"FS_FIADB","TREE","STATECD","NUMBER",22,4,0,"N",5
"FS_FIADB","TREE","UNITCD","NUMBER",22,2,0,"N",6
"FS_FIADB","TREE","COUNTYCD","NUMBER",22,3,0,"N",7
"FS_FIADB","TREE","PLOT","NUMBER",22,5,0,"N",8
"FS_FIADB","TREE","SUBP","NUMBER",22,3,0,"N",9
"FS_FIADB","TREE","TREE","NUMBER",22,9,0,"N",10
"FS_FIADB","TREE","CONDID","NUMBER",22,1,0,"N",11
"FS_FIADB","TREE","AZIMUTH","NUMBER",22,3,0,"Y",12
"FS_FIADB","TREE","DIST","NUMBER",22,4,1,"Y",13
"FS_FIADB","TREE","PREVCOND","NUMBER",22,1,0,"Y",14
"FS_FIADB","TREE","STATUSCD","NUMBER",22,1,0,"N",15
"FS_FIADB","TREE","SPCD","NUMBER",22,NA,NA,"Y",16
"FS_FIADB","TREE","SPGRPCD","NUMBER",22,2,0,"Y",17
"FS_FIADB","TREE","DIA","NUMBER",22,5,2,"Y",18
"FS_FIADB","TREE","DIAHTCD","NUMBER",22,1,0,"Y",19
"FS_FIADB","TREE","HT","NUMBER",22,3,0,"Y",20
"FS_FIADB","TREE","HTCD","NUMBER",22,2,0,"Y",21
"FS_FIADB","TREE","ACTUALHT","NUMBER",22,3,0,"Y",22
"FS_FIADB","TREE","TREECLCD","NUMBER",22,2,0,"Y",23
"FS_FIADB","TREE","CR","NUMBER",22,3,0,"Y",24
"FS_FIADB","TREE","CCLCD","NUMBER",22,2,0,"Y",25
"FS_FIADB","TREE","TREEGRCD","NUMBER",22,2,0,"Y",26
"FS_FIADB","TREE","AGENTCD","NUMBER",22,2,0,"Y",27
"FS_FIADB","TREE","CULL","NUMBER",22,3,0,"Y",28
"FS_FIADB","TREE","DAMLOC1","NUMBER",22,2,0,"Y",29
"FS_FIADB","TREE","DAMTYP1","NUMBER",22,2,0,"Y",30
"FS_FIADB","TREE","DAMSEV1","NUMBER",22,1,0,"Y",31
"FS_FIADB","TREE","DAMLOC2","NUMBER",22,2,0,"Y",32
"FS_FIADB","TREE","DAMTYP2","NUMBER",22,2,0,"Y",33
"FS_FIADB","TREE","DAMSEV2","NUMBER",22,1,0,"Y",34
"FS_FIADB","TREE","DECAYCD","NUMBER",22,2,0,"Y",35
"FS_FIADB","TREE","STOCKING","NUMBER",22,7,4,"Y",36
"FS_FIADB","TREE","WDLDSTEM","NUMBER",22,3,0,"Y",37
"FS_FIADB","TREE","VOLCFNET","NUMBER",22,11,6,"Y",38
"FS_FIADB","TREE","VOLCFGRS","NUMBER",22,11,6,"Y",39
"FS_FIADB","TREE","VOLCSNET","NUMBER",22,11,6,"Y",40
"FS_FIADB","TREE","VOLCSGRS","NUMBER",22,11,6,"Y",41
"FS_FIADB","TREE","VOLBFNET","NUMBER",22,11,6,"Y",42
"FS_FIADB","TREE","VOLBFGRS","NUMBER",22,11,6,"Y",43
"FS_FIADB","TREE","VOLCFSND","NUMBER",22,11,6,"Y",44
"FS_FIADB","TREE","DIACHECK","NUMBER",22,2,0,"Y",45
"FS_FIADB","TREE","MORTYR","NUMBER",22,4,0,"Y",46
"FS_FIADB","TREE","SALVCD","NUMBER",22,2,0,"Y",47
"FS_FIADB","TREE","UNCRCD","NUMBER",22,3,0,"Y",48
"FS_FIADB","TREE","CPOSCD","NUMBER",22,2,0,"Y",49
"FS_FIADB","TREE","CLIGHTCD","NUMBER",22,2,0,"Y",50
"FS_FIADB","TREE","CVIGORCD","NUMBER",22,2,0,"Y",51
"FS_FIADB","TREE","CDENCD","NUMBER",22,3,0,"Y",52
"FS_FIADB","TREE","CDIEBKCD","NUMBER",22,3,0,"Y",53
"FS_FIADB","TREE","TRANSCD","NUMBER",22,3,0,"Y",54
"FS_FIADB","TREE","TREEHISTCD","NUMBER",22,3,0,"Y",55
"FS_FIADB","TREE","BHAGE","NUMBER",22,4,0,"Y",56
"FS_FIADB","TREE","TOTAGE","NUMBER",22,4,0,"Y",57
"FS_FIADB","TREE","CULLDEAD","NUMBER",22,3,0,"Y",58
"FS_FIADB","TREE","CULLFORM","NUMBER",22,3,0,"Y",59
"FS_FIADB","TREE","CULLMSTOP","NUMBER",22,3,0,"Y",60
"FS_FIADB","TREE","CULLBF","NUMBER",22,3,0,"Y",61
"FS_FIADB","TREE","CULLCF","NUMBER",22,3,0,"Y",62
"FS_FIADB","TREE","BFSND","NUMBER",22,3,0,"Y",63
"FS_FIADB","TREE","CFSND","NUMBER",22,3,0,"Y",64
"FS_FIADB","TREE","SAWHT","NUMBER",22,2,0,"Y",65
"FS_FIADB","TREE","BOLEHT","NUMBER",22,3,0,"Y",66
"FS_FIADB","TREE","FORMCL","NUMBER",22,1,0,"Y",67
"FS_FIADB","TREE","HTCALC","NUMBER",22,3,0,"Y",68
"FS_FIADB","TREE","HRDWD_CLUMP_CD","NUMBER",22,1,0,"Y",69
"FS_FIADB","TREE","SITREE","NUMBER",22,3,0,"Y",70
"FS_FIADB","TREE","CREATED_BY","VARCHAR2",30,NA,NA,"Y",71
"FS_FIADB","TREE","CREATED_DATE","DATE",7,NA,NA,"Y",72
"FS_FIADB","TREE","CREATED_IN_INSTANCE","VARCHAR2",6,NA,NA,"Y",73
"FS_FIADB","TREE","MODIFIED_BY","VARCHAR2",30,NA,NA,"Y",74
"FS_FIADB","TREE","MODIFIED_DATE","DATE",7,NA,NA,"Y",75
"FS_FIADB","TREE","MODIFIED_IN_INSTANCE","VARCHAR2",6,NA,NA,"Y",76
"FS_FIADB","TREE","MORTCD","NUMBER",22,1,0,"Y",77
"FS_FIADB","TREE","HTDMP","NUMBER",22,3,1,"Y",78
"FS_FIADB","TREE","ROUGHCULL","NUMBER",22,2,0,"Y",79
"FS_FIADB","TREE","MIST_CL_CD","NUMBER",22,1,0,"Y",80
"FS_FIADB","TREE","CULL_FLD","NUMBER",22,2,0,"Y",81
"FS_FIADB","TREE","RECONCILECD","NUMBER",22,1,0,"Y",82
"FS_FIADB","TREE","PREVDIA","NUMBER",22,5,2,"Y",83
"FS_FIADB","TREE","P2A_GRM_FLG","VARCHAR2",1,NA,NA,"Y",84
"FS_FIADB","TREE","TREECLCD_NERS","NUMBER",22,2,0,"Y",85
"FS_FIADB","TREE","TREECLCD_SRS","NUMBER",22,2,0,"Y",86
"FS_FIADB","TREE","TREECLCD_NCRS","NUMBER",22,2,0,"Y",87
"FS_FIADB","TREE","TREECLCD_RMRS","NUMBER",22,2,0,"Y",88
"FS_FIADB","TREE","STANDING_DEAD_CD","NUMBER",22,2,0,"Y",89
"FS_FIADB","TREE","PREV_STATUS_CD","NUMBER",22,1,0,"Y",90
"FS_FIADB","TREE","PREV_WDLDSTEM","NUMBER",22,3,0,"Y",91
"FS_FIADB","TREE","TPA_UNADJ","NUMBER",22,11,6,"Y",92
"FS_FIADB","TREE","DRYBIO_BOLE","NUMBER",22,13,6,"Y",93
"FS_FIADB","TREE","DRYBIO_STUMP","NUMBER",22,13,6,"Y",94
"FS_FIADB","TREE","DRYBIO_BG","NUMBER",22,13,6,"Y",95
"FS_FIADB","TREE","CARBON_AG","NUMBER",22,13,6,"Y",96
"FS_FIADB","TREE","CARBON_BG","NUMBER",22,13,6,"Y",97
"FS_FIADB","TREE","CYCLE","NUMBER",22,2,0,"Y",98
"FS_FIADB","TREE","SUBCYCLE","NUMBER",22,2,0,"Y",99
"FS_FIADB","TREE","BORED_CD_PNWRS","NUMBER",22,1,0,"Y",100
"FS_FIADB","TREE","DAMLOC1_PNWRS","NUMBER",22,2,0,"Y",101
"FS_FIADB","TREE","DAMLOC2_PNWRS","NUMBER",22,2,0,"Y",102
"FS_FIADB","TREE","DIACHECK_PNWRS","NUMBER",22,1,0,"Y",103
"FS_FIADB","TREE","DMG_AGENT1_CD_PNWRS","NUMBER",22,2,0,"Y",104
"FS_FIADB","TREE","DMG_AGENT2_CD_PNWRS","NUMBER",22,2,0,"Y",105
"FS_FIADB","TREE","DMG_AGENT3_CD_PNWRS","NUMBER",22,2,0,"Y",106
"FS_FIADB","TREE","MIST_CL_CD_PNWRS","NUMBER",22,1,0,"Y",107
"FS_FIADB","TREE","SEVERITY1_CD_PNWRS","NUMBER",22,1,0,"Y",108
"FS_FIADB","TREE","SEVERITY1A_CD_PNWRS","NUMBER",22,2,0,"Y",109
"FS_FIADB","TREE","SEVERITY1B_CD_PNWRS","NUMBER",22,1,0,"Y",110
"FS_FIADB","TREE","SEVERITY2_CD_PNWRS","NUMBER",22,1,0,"Y",111
"FS_FIADB","TREE","SEVERITY2A_CD_PNWRS","NUMBER",22,2,0,"Y",112
"FS_FIADB","TREE","SEVERITY2B_CD_PNWRS","NUMBER",22,1,0,"Y",113
"FS_FIADB","TREE","SEVERITY3_CD_PNWRS","NUMBER",22,1,0,"Y",114
"FS_FIADB","TREE","UNKNOWN_DAMTYP1_PNWRS","NUMBER",22,1,0,"Y",115
"FS_FIADB","TREE","UNKNOWN_DAMTYP2_PNWRS","NUMBER",22,1,0,"Y",116
"FS_FIADB","TREE","PREV_PNTN_SRS","NUMBER",22,4,0,"Y",117
"FS_FIADB","TREE","DISEASE_SRS","NUMBER",22,1,0,"Y",118
"FS_FIADB","TREE","DIEBACK_SEVERITY_SRS","NUMBER",22,2,0,"Y",119
"FS_FIADB","TREE","DAMAGE_AGENT_CD1","NUMBER",22,5,0,"Y",120
"FS_FIADB","TREE","DAMAGE_AGENT_CD2","NUMBER",22,5,0,"Y",121
"FS_FIADB","TREE","DAMAGE_AGENT_CD3","NUMBER",22,5,0,"Y",122
"FS_FIADB","TREE","CENTROID_DIA","NUMBER",22,4,1,"Y",123
"FS_FIADB","TREE","CENTROID_DIA_HT","NUMBER",22,4,1,"Y",124
"FS_FIADB","TREE","CENTROID_DIA_HT_ACTUAL","NUMBER",22,4,1,"Y",125
"FS_FIADB","TREE","UPPER_DIA","NUMBER",22,4,1,"Y",126
"FS_FIADB","TREE","UPPER_DIA_HT","NUMBER",22,4,1,"Y",127
"FS_FIADB","TREE","VOLCSSND","NUMBER",22,11,6,"Y",128
"FS_FIADB","TREE","DRYBIO_SAWLOG","NUMBER",22,13,6,"Y",129
"FS_FIADB","TREE","DAMAGE_AGENT_CD1_SRS","NUMBER",22,5,0,"Y",130
"FS_FIADB","TREE","DAMAGE_AGENT_CD2_SRS","NUMBER",22,5,0,"Y",131
"FS_FIADB","TREE","DAMAGE_AGENT_CD3_SRS","NUMBER",22,5,0,"Y",132
"FS_FIADB","TREE","DRYBIO_AG","NUMBER",22,13,6,"Y",133
"FS_FIADB","TREE","ACTUALHT_CALC","NUMBER",22,3,0,"Y",134
"FS_FIADB","TREE","ACTUALHT_CALC_CD","NUMBER",22,1,0,"Y",135
"FS_FIADB","TREE","CULL_BF_ROTTEN","NUMBER",22,12,9,"Y",136
"FS_FIADB","TREE","CULL_BF_ROTTEN_CD","NUMBER",22,2,0,"Y",137
"FS_FIADB","TREE","CULL_BF_ROUGH","NUMBER",22,12,9,"Y",138
"FS_FIADB","TREE","CULL_BF_ROUGH_CD","NUMBER",22,2,0,"Y",139
"FS_FIADB","TREE","PREVDIA_FLD","NUMBER",22,NA,NA,"Y",140
"FS_FIADB","TREE","TREECLCD_31_NCRS","NUMBER",22,1,0,"Y",141
"FS_FIADB","TREE","TREE_GRADE_NCRS","NUMBER",22,3,0,"Y",142
"FS_FIADB","TREE","BOUGHS_AVAILABLE_NCRS","NUMBER",22,1,0,"Y",143
"FS_FIADB","TREE","BOUGHS_HRVST_NCRS","NUMBER",22,1,0,"Y",144
"FS_FIADB","TREE","TREECLCD_31_NERS","NUMBER",22,1,0,"Y",145
"FS_FIADB","TREE","AGENTCD_NERS","NUMBER",22,2,0,"Y",146
"FS_FIADB","TREE","BFSNDCD_NERS","NUMBER",22,1,0,"Y",147
"FS_FIADB","TREE","AGECHKCD_RMRS","NUMBER",22,1,0,"Y",148
"FS_FIADB","TREE","PREV_AGECHKCD_RMRS","NUMBER",22,1,0,"Y",149
"FS_FIADB","TREE","PREV_BHAGE_RMRS","NUMBER",22,4,0,"Y",150
"FS_FIADB","TREE","PREV_TOTAGE_RMRS","NUMBER",22,4,0,"Y",151
"FS_FIADB","TREE","PREV_TREECLCD_RMRS","NUMBER",22,2,0,"Y",152
"FS_FIADB","TREE","RADAGECD_RMRS","NUMBER",22,1,0,"Y",153
"FS_FIADB","TREE","RADGRW_RMRS","NUMBER",22,2,0,"Y",154
"FS_FIADB","TREE","VOLBSGRS","NUMBER",22,11,6,"Y",155
"FS_FIADB","TREE","VOLBSNET","NUMBER",22,11,6,"Y",156
"FS_FIADB","TREE","SAPLING_FUSIFORM_SRS","NUMBER",22,1,0,"Y",157
"FS_FIADB","TREE","EPIPHYTE_PNWRS","NUMBER",22,1,0,"Y",158
"FS_FIADB","TREE","ROOT_HT_PNWRS","NUMBER",22,2,0,"Y",159
"FS_FIADB","TREE","CAVITY_USE_PNWRS","VARCHAR2",1,NA,NA,"Y",160
"FS_FIADB","TREE","CORE_LENGTH_PNWRS","NUMBER",22,4,1,"Y",161
"FS_FIADB","TREE","CULTURALLY_KILLED_PNWRS","NUMBER",22,1,0,"Y",162
"FS_FIADB","TREE","DIA_EST_PNWRS","NUMBER",22,4,1,"Y",163
"FS_FIADB","TREE","GST_PNWRS","VARCHAR2",1,NA,NA,"Y",164
"FS_FIADB","TREE","INC10YR_PNWRS","NUMBER",22,3,0,"Y",165
"FS_FIADB","TREE","INC5YRHT_PNWRS","NUMBER",22,3,1,"Y",166
"FS_FIADB","TREE","INC5YR_PNWRS","NUMBER",22,3,0,"Y",167
"FS_FIADB","TREE","RING_COUNT_INNER_2INCHES_PNWRS","NUMBER",22,3,0,"Y",168
"FS_FIADB","TREE","RING_COUNT_PNWRS","NUMBER",22,3,0,"Y",169
"FS_FIADB","TREE","SNAG_DIS_CD_PNWRS","NUMBER",22,1,0,"Y",170
"FS_FIADB","TREE","CONEPRESCD1","NUMBER",22,1,0,"Y",171
"FS_FIADB","TREE","CONEPRESCD2","NUMBER",22,1,0,"Y",172
"FS_FIADB","TREE","CONEPRESCD3","NUMBER",22,1,0,"Y",173
"FS_FIADB","TREE","MASTCD","NUMBER",22,1,0,"Y",174
"FS_FIADB","TREE","VOLTSGRS","NUMBER",22,13,6,"Y",175
"FS_FIADB","TREE","VOLTSGRS_BARK","NUMBER",22,13,6,"Y",176
"FS_FIADB","TREE","VOLTSSND","NUMBER",22,13,6,"Y",177
"FS_FIADB","TREE","VOLTSSND_BARK","NUMBER",22,13,6,"Y",178
"FS_FIADB","TREE","VOLCFGRS_STUMP","NUMBER",22,13,6,"Y",179
"FS_FIADB","TREE","VOLCFGRS_STUMP_BARK","NUMBER",22,13,6,"Y",180
"FS_FIADB","TREE","VOLCFSND_STUMP","NUMBER",22,13,6,"Y",181
"FS_FIADB","TREE","VOLCFSND_STUMP_BARK","NUMBER",22,13,6,"Y",182
"FS_FIADB","TREE","VOLCFGRS_BARK","NUMBER",22,13,6,"Y",183
"FS_FIADB","TREE","VOLCFGRS_TOP","NUMBER",22,13,6,"Y",184
"FS_FIADB","TREE","VOLCFGRS_TOP_BARK","NUMBER",22,13,6,"Y",185
"FS_FIADB","TREE","VOLCFSND_BARK","NUMBER",22,13,6,"Y",186
"FS_FIADB","TREE","VOLCFSND_TOP","NUMBER",22,13,6,"Y",187
"FS_FIADB","TREE","VOLCFSND_TOP_BARK","NUMBER",22,13,6,"Y",188
"FS_FIADB","TREE","VOLCFNET_BARK","NUMBER",22,13,6,"Y",189
"FS_FIADB","TREE","VOLCSGRS_BARK","NUMBER",22,13,6,"Y",190
"FS_FIADB","TREE","VOLCSSND_BARK","NUMBER",22,13,6,"Y",191
"FS_FIADB","TREE","VOLCSNET_BARK","NUMBER",22,13,6,"Y",192
"FS_FIADB","TREE","DRYBIO_STEM","NUMBER",22,13,6,"Y",193
"FS_FIADB","TREE","DRYBIO_STEM_BARK","NUMBER",22,13,6,"Y",194
"FS_FIADB","TREE","DRYBIO_STUMP_BARK","NUMBER",22,13,6,"Y",195
"FS_FIADB","TREE","DRYBIO_BOLE_BARK","NUMBER",22,13,6,"Y",196
"FS_FIADB","TREE","DRYBIO_BRANCH","NUMBER",22,13,6,"Y",197
"FS_FIADB","TREE","DRYBIO_FOLIAGE","NUMBER",22,13,6,"Y",198
"FS_FIADB","TREE","DRYBIO_SAWLOG_BARK","NUMBER",22,13,6,"Y",199
"FS_FIADB","TREE","PREV_ACTUALHT_FLD","NUMBER",22,3,0,"Y",200
"FS_FIADB","TREE","PREV_HT_FLD","NUMBER",22,3,0,"Y",201
"FS_FIADB","TREE","UTILCLCD","NUMBER",22,1,0,"Y",202
"FS_FIADB","TREE_GRM_BEGIN","TRE_CN","VARCHAR2",34,NA,NA,"N",1
"FS_FIADB","TREE_GRM_BEGIN","PREV_TRE_CN","VARCHAR2",34,NA,NA,"Y",2
"FS_FIADB","TREE_GRM_BEGIN","PLT_CN","VARCHAR2",34,NA,NA,"Y",3
"FS_FIADB","TREE_GRM_BEGIN","STATECD","NUMBER",22,2,0,"Y",4
"FS_FIADB","TREE_GRM_BEGIN","SUBPTYP","NUMBER",22,1,0,"Y",5
"FS_FIADB","TREE_GRM_BEGIN","SPCD","NUMBER",22,4,0,"Y",6
"FS_FIADB","TREE_GRM_BEGIN","STATUSCD","NUMBER",22,2,0,"Y",7
"FS_FIADB","TREE_GRM_BEGIN","DIA","NUMBER",22,5,2,"Y",8
"FS_FIADB","TREE_GRM_BEGIN","HT","NUMBER",22,3,0,"Y",9
"FS_FIADB","TREE_GRM_BEGIN","ACTUALHT","NUMBER",22,3,0,"Y",10
"FS_FIADB","TREE_GRM_BEGIN","CR","NUMBER",22,3,0,"Y",11
"FS_FIADB","TREE_GRM_BEGIN","STANDING_DEAD_CD","NUMBER",22,2,0,"Y",12
"FS_FIADB","TREE_GRM_BEGIN","DIAHTCD","NUMBER",22,1,0,"Y",13
"FS_FIADB","TREE_GRM_BEGIN","CULL","NUMBER",22,3,0,"Y",14
"FS_FIADB","TREE_GRM_BEGIN","ROUGHCULL","NUMBER",22,3,0,"Y",15
"FS_FIADB","TREE_GRM_BEGIN","CULLFORM","NUMBER",22,3,0,"Y",16
"FS_FIADB","TREE_GRM_BEGIN","CULLMSTOP","NUMBER",22,3,0,"Y",17
"FS_FIADB","TREE_GRM_BEGIN","DECAYCD","NUMBER",22,2,0,"Y",18
"FS_FIADB","TREE_GRM_BEGIN","TREECLCD","NUMBER",22,2,0,"Y",19
"FS_FIADB","TREE_GRM_BEGIN","HTDMP","NUMBER",22,3,1,"Y",20
"FS_FIADB","TREE_GRM_BEGIN","WDLDSTEM","NUMBER",22,3,0,"Y",21
"FS_FIADB","TREE_GRM_BEGIN","STDORGCD","NUMBER",22,2,0,"Y",22
"FS_FIADB","TREE_GRM_BEGIN","SITREE","NUMBER",22,3,0,"Y",23
"FS_FIADB","TREE_GRM_BEGIN","BALIVE","NUMBER",22,9,4,"Y",24
"FS_FIADB","TREE_GRM_BEGIN","VOLTSGRS","NUMBER",22,13,6,"Y",25
"FS_FIADB","TREE_GRM_BEGIN","VOLTSGRS_BARK","NUMBER",22,13,6,"Y",26
"FS_FIADB","TREE_GRM_BEGIN","VOLTSSND","NUMBER",22,13,6,"Y",27
"FS_FIADB","TREE_GRM_BEGIN","VOLTSSND_BARK","NUMBER",22,13,6,"Y",28
"FS_FIADB","TREE_GRM_BEGIN","VOLCFGRS_STUMP","NUMBER",22,13,6,"Y",29
"FS_FIADB","TREE_GRM_BEGIN","VOLCFGRS_STUMP_BARK","NUMBER",22,13,6,"Y",30
"FS_FIADB","TREE_GRM_BEGIN","VOLCFSND_STUMP","NUMBER",22,13,6,"Y",31
"FS_FIADB","TREE_GRM_BEGIN","VOLCFSND_STUMP_BARK","NUMBER",22,13,6,"Y",32
"FS_FIADB","TREE_GRM_BEGIN","VOLCFGRS","NUMBER",22,13,6,"Y",33
"FS_FIADB","TREE_GRM_BEGIN","VOLCFGRS_BARK","NUMBER",22,13,6,"Y",34
"FS_FIADB","TREE_GRM_BEGIN","VOLCFGRS_TOP","NUMBER",22,13,6,"Y",35
"FS_FIADB","TREE_GRM_BEGIN","VOLCFGRS_TOP_BARK","NUMBER",22,13,6,"Y",36
"FS_FIADB","TREE_GRM_BEGIN","VOLCFSND","NUMBER",22,13,6,"Y",37
"FS_FIADB","TREE_GRM_BEGIN","VOLCFSND_BARK","NUMBER",22,13,6,"Y",38
"FS_FIADB","TREE_GRM_BEGIN","VOLCFSND_TOP","NUMBER",22,13,6,"Y",39
"FS_FIADB","TREE_GRM_BEGIN","VOLCFSND_TOP_BARK","NUMBER",22,13,6,"Y",40
"FS_FIADB","TREE_GRM_BEGIN","VOLCFNET","NUMBER",22,13,6,"Y",41
"FS_FIADB","TREE_GRM_BEGIN","VOLCFNET_BARK","NUMBER",22,13,6,"Y",42
"FS_FIADB","TREE_GRM_BEGIN","VOLCSGRS","NUMBER",22,13,6,"Y",43
"FS_FIADB","TREE_GRM_BEGIN","VOLCSGRS_BARK","NUMBER",22,13,6,"Y",44
"FS_FIADB","TREE_GRM_BEGIN","VOLCSSND","NUMBER",22,13,6,"Y",45
"FS_FIADB","TREE_GRM_BEGIN","VOLCSSND_BARK","NUMBER",22,13,6,"Y",46
"FS_FIADB","TREE_GRM_BEGIN","VOLCSNET","NUMBER",22,13,6,"Y",47
"FS_FIADB","TREE_GRM_BEGIN","VOLCSNET_BARK","NUMBER",22,13,6,"Y",48
"FS_FIADB","TREE_GRM_BEGIN","VOLBFGRS","NUMBER",22,13,6,"Y",49
"FS_FIADB","TREE_GRM_BEGIN","VOLBFNET","NUMBER",22,13,6,"Y",50
"FS_FIADB","TREE_GRM_BEGIN","VOLBSGRS","NUMBER",22,13,6,"Y",51
"FS_FIADB","TREE_GRM_BEGIN","VOLBSNET","NUMBER",22,13,6,"Y",52
"FS_FIADB","TREE_GRM_BEGIN","DRYBIO_STEM","NUMBER",22,13,6,"Y",53
"FS_FIADB","TREE_GRM_BEGIN","DRYBIO_STEM_BARK","NUMBER",22,13,6,"Y",54
"FS_FIADB","TREE_GRM_BEGIN","DRYBIO_STUMP","NUMBER",22,13,6,"Y",55
"FS_FIADB","TREE_GRM_BEGIN","DRYBIO_STUMP_BARK","NUMBER",22,13,6,"Y",56
"FS_FIADB","TREE_GRM_BEGIN","DRYBIO_BOLE","NUMBER",22,13,6,"Y",57
"FS_FIADB","TREE_GRM_BEGIN","DRYBIO_BOLE_BARK","NUMBER",22,13,6,"Y",58
"FS_FIADB","TREE_GRM_BEGIN","DRYBIO_BRANCH","NUMBER",22,13,6,"Y",59
"FS_FIADB","TREE_GRM_BEGIN","DRYBIO_FOLIAGE","NUMBER",22,13,6,"Y",60
"FS_FIADB","TREE_GRM_BEGIN","DRYBIO_AG","NUMBER",22,13,6,"Y",61
"FS_FIADB","TREE_GRM_BEGIN","DRYBIO_BG","NUMBER",22,13,6,"Y",62
"FS_FIADB","TREE_GRM_BEGIN","CARBON_AG","NUMBER",22,13,6,"Y",63
"FS_FIADB","TREE_GRM_BEGIN","CARBON_BG","NUMBER",22,13,6,"Y",64
"FS_FIADB","TREE_GRM_BEGIN","DRYBIO_SAWLOG","NUMBER",22,13,6,"Y",65
"FS_FIADB","TREE_GRM_BEGIN","DRYBIO_SAWLOG_BARK","NUMBER",22,13,6,"Y",66
"FS_FIADB","TREE_GRM_BEGIN","CREATED_BY","VARCHAR2",30,NA,NA,"Y",67
"FS_FIADB","TREE_GRM_BEGIN","CREATED_DATE","DATE",7,NA,NA,"Y",68
"FS_FIADB","TREE_GRM_BEGIN","CREATED_IN_INSTANCE","VARCHAR2",6,NA,NA,"Y",69
"FS_FIADB","TREE_GRM_BEGIN","MODIFIED_BY","VARCHAR2",30,NA,NA,"Y",70
"FS_FIADB","TREE_GRM_BEGIN","MODIFIED_DATE","DATE",7,NA,NA,"Y",71
"FS_FIADB","TREE_GRM_BEGIN","MODIFIED_IN_INSTANCE","VARCHAR2",6,NA,NA,"Y",72
"FS_FIADB","TREE_GRM_COMPONENT","TRE_CN","VARCHAR2",34,NA,NA,"N",1
"FS_FIADB","TREE_GRM_COMPONENT","PREV_TRE_CN","VARCHAR2",34,NA,NA,"Y",2
"FS_FIADB","TREE_GRM_COMPONENT","PLT_CN","VARCHAR2",34,NA,NA,"N",3
"FS_FIADB","TREE_GRM_COMPONENT","STATECD","NUMBER",22,NA,NA,"N",4
"FS_FIADB","TREE_GRM_COMPONENT","DIA_BEGIN","NUMBER",22,5,2,"Y",5
"FS_FIADB","TREE_GRM_COMPONENT","DIA_MIDPT","NUMBER",22,5,2,"Y",6
"FS_FIADB","TREE_GRM_COMPONENT","DIA_END","NUMBER",22,5,2,"Y",7
"FS_FIADB","TREE_GRM_COMPONENT","ANN_DIA_GROWTH","NUMBER",22,5,2,"Y",8
"FS_FIADB","TREE_GRM_COMPONENT","ANN_HT_GROWTH","NUMBER",22,5,2,"Y",9
"FS_FIADB","TREE_GRM_COMPONENT","SUBPTYP_BEGIN","NUMBER",22,1,0,"Y",10
"FS_FIADB","TREE_GRM_COMPONENT","SUBPTYP_MIDPT","NUMBER",22,1,0,"Y",11
"FS_FIADB","TREE_GRM_COMPONENT","SUBPTYP_END","NUMBER",22,1,0,"Y",12
"FS_FIADB","TREE_GRM_COMPONENT","MICR_COMPONENT_AL_FOREST","VARCHAR2",15,NA,NA,"Y",13
"FS_FIADB","TREE_GRM_COMPONENT","MICR_SUBPTYP_GRM_AL_FOREST","NUMBER",22,1,0,"Y",14
"FS_FIADB","TREE_GRM_COMPONENT","MICR_TPAGROW_UNADJ_AL_FOREST","NUMBER",22,11,6,"Y",15
"FS_FIADB","TREE_GRM_COMPONENT","MICR_TPAREMV_UNADJ_AL_FOREST","NUMBER",22,11,6,"Y",16
"FS_FIADB","TREE_GRM_COMPONENT","MICR_TPAMORT_UNADJ_AL_FOREST","NUMBER",22,11,6,"Y",17
"FS_FIADB","TREE_GRM_COMPONENT","SUBP_COMPONENT_AL_FOREST","VARCHAR2",15,NA,NA,"Y",18
"FS_FIADB","TREE_GRM_COMPONENT","SUBP_SUBPTYP_GRM_AL_FOREST","NUMBER",22,1,0,"Y",19
"FS_FIADB","TREE_GRM_COMPONENT","SUBP_TPAGROW_UNADJ_AL_FOREST","NUMBER",22,11,6,"Y",20
"FS_FIADB","TREE_GRM_COMPONENT","SUBP_TPAREMV_UNADJ_AL_FOREST","NUMBER",22,11,6,"Y",21
"FS_FIADB","TREE_GRM_COMPONENT","SUBP_TPAMORT_UNADJ_AL_FOREST","NUMBER",22,11,6,"Y",22
"FS_FIADB","TREE_GRM_COMPONENT","SUBP_COMPONENT_GS_FOREST","VARCHAR2",15,NA,NA,"Y",23
"FS_FIADB","TREE_GRM_COMPONENT","SUBP_SUBPTYP_GRM_GS_FOREST","NUMBER",22,1,0,"Y",24
"FS_FIADB","TREE_GRM_COMPONENT","SUBP_TPAGROW_UNADJ_GS_FOREST","NUMBER",22,11,6,"Y",25
"FS_FIADB","TREE_GRM_COMPONENT","SUBP_TPAREMV_UNADJ_GS_FOREST","NUMBER",22,11,6,"Y",26
"FS_FIADB","TREE_GRM_COMPONENT","SUBP_TPAMORT_UNADJ_GS_FOREST","NUMBER",22,11,6,"Y",27
"FS_FIADB","TREE_GRM_COMPONENT","SUBP_COMPONENT_SL_FOREST","VARCHAR2",15,NA,NA,"Y",28
"FS_FIADB","TREE_GRM_COMPONENT","SUBP_SUBPTYP_GRM_SL_FOREST","NUMBER",22,1,0,"Y",29
"FS_FIADB","TREE_GRM_COMPONENT","SUBP_TPAGROW_UNADJ_SL_FOREST","NUMBER",22,11,6,"Y",30
"FS_FIADB","TREE_GRM_COMPONENT","SUBP_TPAREMV_UNADJ_SL_FOREST","NUMBER",22,11,6,"Y",31
"FS_FIADB","TREE_GRM_COMPONENT","SUBP_TPAMORT_UNADJ_SL_FOREST","NUMBER",22,11,6,"Y",32
"FS_FIADB","TREE_GRM_COMPONENT","MICR_COMPONENT_AL_TIMBER","VARCHAR2",15,NA,NA,"Y",33
"FS_FIADB","TREE_GRM_COMPONENT","MICR_SUBPTYP_GRM_AL_TIMBER","NUMBER",22,1,0,"Y",34
"FS_FIADB","TREE_GRM_COMPONENT","MICR_TPAGROW_UNADJ_AL_TIMBER","NUMBER",22,11,6,"Y",35
"FS_FIADB","TREE_GRM_COMPONENT","MICR_TPAREMV_UNADJ_AL_TIMBER","NUMBER",22,11,6,"Y",36
"FS_FIADB","TREE_GRM_COMPONENT","MICR_TPAMORT_UNADJ_AL_TIMBER","NUMBER",22,11,6,"Y",37
"FS_FIADB","TREE_GRM_COMPONENT","SUBP_COMPONENT_AL_TIMBER","VARCHAR2",15,NA,NA,"Y",38
"FS_FIADB","TREE_GRM_COMPONENT","SUBP_SUBPTYP_GRM_AL_TIMBER","NUMBER",22,1,0,"Y",39
"FS_FIADB","TREE_GRM_COMPONENT","SUBP_TPAGROW_UNADJ_AL_TIMBER","NUMBER",22,11,6,"Y",40
"FS_FIADB","TREE_GRM_COMPONENT","SUBP_TPAREMV_UNADJ_AL_TIMBER","NUMBER",22,11,6,"Y",41
"FS_FIADB","TREE_GRM_COMPONENT","SUBP_TPAMORT_UNADJ_AL_TIMBER","NUMBER",22,11,6,"Y",42
"FS_FIADB","TREE_GRM_COMPONENT","SUBP_COMPONENT_GS_TIMBER","VARCHAR2",15,NA,NA,"Y",43
"FS_FIADB","TREE_GRM_COMPONENT","SUBP_SUBPTYP_GRM_GS_TIMBER","NUMBER",22,1,0,"Y",44
"FS_FIADB","TREE_GRM_COMPONENT","SUBP_TPAGROW_UNADJ_GS_TIMBER","NUMBER",22,11,6,"Y",45
"FS_FIADB","TREE_GRM_COMPONENT","SUBP_TPAREMV_UNADJ_GS_TIMBER","NUMBER",22,11,6,"Y",46
"FS_FIADB","TREE_GRM_COMPONENT","SUBP_TPAMORT_UNADJ_GS_TIMBER","NUMBER",22,11,6,"Y",47
"FS_FIADB","TREE_GRM_COMPONENT","SUBP_COMPONENT_SL_TIMBER","VARCHAR2",15,NA,NA,"Y",48
"FS_FIADB","TREE_GRM_COMPONENT","SUBP_SUBPTYP_GRM_SL_TIMBER","NUMBER",22,1,0,"Y",49
"FS_FIADB","TREE_GRM_COMPONENT","SUBP_TPAGROW_UNADJ_SL_TIMBER","NUMBER",22,11,6,"Y",50
"FS_FIADB","TREE_GRM_COMPONENT","SUBP_TPAREMV_UNADJ_SL_TIMBER","NUMBER",22,11,6,"Y",51
"FS_FIADB","TREE_GRM_COMPONENT","SUBP_TPAMORT_UNADJ_SL_TIMBER","NUMBER",22,11,6,"Y",52
"FS_FIADB","TREE_GRM_COMPONENT","GROWTSAL_FOREST","NUMBER",22,13,6,"Y",53
"FS_FIADB","TREE_GRM_COMPONENT","GROWCFAL_FOREST","NUMBER",22,13,6,"Y",54
"FS_FIADB","TREE_GRM_COMPONENT","GROWCFGS_FOREST","NUMBER",22,13,6,"Y",55
"FS_FIADB","TREE_GRM_COMPONENT","GROWBFSL_FOREST","NUMBER",22,13,6,"Y",56
"FS_FIADB","TREE_GRM_COMPONENT","REMVTSAL_FOREST","NUMBER",22,13,6,"Y",57
"FS_FIADB","TREE_GRM_COMPONENT","REMVCFAL_FOREST","NUMBER",22,13,6,"Y",58
"FS_FIADB","TREE_GRM_COMPONENT","REMVCFGS_FOREST","NUMBER",22,13,6,"Y",59
"FS_FIADB","TREE_GRM_COMPONENT","REMVBFSL_FOREST","NUMBER",22,13,6,"Y",60
"FS_FIADB","TREE_GRM_COMPONENT","MORTTSAL_FOREST","NUMBER",22,13,6,"Y",61
"FS_FIADB","TREE_GRM_COMPONENT","MORTCFAL_FOREST","NUMBER",22,13,6,"Y",62
"FS_FIADB","TREE_GRM_COMPONENT","MORTCFGS_FOREST","NUMBER",22,13,6,"Y",63
"FS_FIADB","TREE_GRM_COMPONENT","MORTBFSL_FOREST","NUMBER",22,13,6,"Y",64
"FS_FIADB","TREE_GRM_COMPONENT","GROWTSAL_TIMBER","NUMBER",22,13,6,"Y",65
"FS_FIADB","TREE_GRM_COMPONENT","GROWCFAL_TIMBER","NUMBER",22,13,6,"Y",66
"FS_FIADB","TREE_GRM_COMPONENT","GROWCFGS_TIMBER","NUMBER",22,13,6,"Y",67
"FS_FIADB","TREE_GRM_COMPONENT","GROWBFSL_TIMBER","NUMBER",22,13,6,"Y",68
"FS_FIADB","TREE_GRM_COMPONENT","REMVTSAL_TIMBER","NUMBER",22,13,6,"Y",69
"FS_FIADB","TREE_GRM_COMPONENT","REMVCFAL_TIMBER","NUMBER",22,13,6,"Y",70
"FS_FIADB","TREE_GRM_COMPONENT","REMVCFGS_TIMBER","NUMBER",22,13,6,"Y",71
"FS_FIADB","TREE_GRM_COMPONENT","REMVBFSL_TIMBER","NUMBER",22,13,6,"Y",72
"FS_FIADB","TREE_GRM_COMPONENT","MORTTSAL_TIMBER","NUMBER",22,13,6,"Y",73
"FS_FIADB","TREE_GRM_COMPONENT","MORTCFAL_TIMBER","NUMBER",22,13,6,"Y",74
"FS_FIADB","TREE_GRM_COMPONENT","MORTCFGS_TIMBER","NUMBER",22,13,6,"Y",75
"FS_FIADB","TREE_GRM_COMPONENT","MORTBFSL_TIMBER","NUMBER",22,13,6,"Y",76
"FS_FIADB","TREE_GRM_COMPONENT","CREATED_BY","VARCHAR2",30,NA,NA,"Y",77
"FS_FIADB","TREE_GRM_COMPONENT","CREATED_DATE","DATE",7,NA,NA,"Y",78
"FS_FIADB","TREE_GRM_COMPONENT","CREATED_IN_INSTANCE","VARCHAR2",6,NA,NA,"Y",79
"FS_FIADB","TREE_GRM_COMPONENT","MODIFIED_BY","VARCHAR2",30,NA,NA,"Y",80
"FS_FIADB","TREE_GRM_COMPONENT","MODIFIED_DATE","DATE",7,NA,NA,"Y",81
"FS_FIADB","TREE_GRM_COMPONENT","MODIFIED_IN_INSTANCE","VARCHAR2",6,NA,NA,"Y",82
"FS_FIADB","TREE_GRM_ESTN","CN","VARCHAR2",34,NA,NA,"N",1
"FS_FIADB","TREE_GRM_ESTN","STATECD","NUMBER",22,NA,NA,"Y",2
"FS_FIADB","TREE_GRM_ESTN","INVYR","NUMBER",22,4,0,"N",3
"FS_FIADB","TREE_GRM_ESTN","PLT_CN","VARCHAR2",34,NA,NA,"N",4
"FS_FIADB","TREE_GRM_ESTN","TRE_CN","VARCHAR2",34,NA,NA,"N",5
"FS_FIADB","TREE_GRM_ESTN","LAND_BASIS","VARCHAR2",10,NA,NA,"Y",6
"FS_FIADB","TREE_GRM_ESTN","ESTIMATE","VARCHAR2",20,NA,NA,"Y",7
"FS_FIADB","TREE_GRM_ESTN","ESTN_TYPE","VARCHAR2",10,NA,NA,"Y",8
"FS_FIADB","TREE_GRM_ESTN","ESTN_UNITS","VARCHAR2",3,NA,NA,"Y",9
"FS_FIADB","TREE_GRM_ESTN","COMPONENT","VARCHAR2",15,NA,NA,"Y",10
"FS_FIADB","TREE_GRM_ESTN","SUBPTYP_GRM","NUMBER",22,1,0,"Y",11
"FS_FIADB","TREE_GRM_ESTN","REMPER","NUMBER",22,3,1,"Y",12
"FS_FIADB","TREE_GRM_ESTN","TPAGROW_UNADJ","NUMBER",22,11,6,"Y",13
"FS_FIADB","TREE_GRM_ESTN","TPAREMV_UNADJ","NUMBER",22,11,6,"Y",14
"FS_FIADB","TREE_GRM_ESTN","TPAMORT_UNADJ","NUMBER",22,11,6,"Y",15
"FS_FIADB","TREE_GRM_ESTN","ANN_NET_GROWTH","NUMBER",22,13,6,"Y",16
"FS_FIADB","TREE_GRM_ESTN","REMOVALS","NUMBER",22,13,6,"Y",17
"FS_FIADB","TREE_GRM_ESTN","MORTALITY","NUMBER",22,13,6,"Y",18
"FS_FIADB","TREE_GRM_ESTN","EST_BEGIN","NUMBER",22,13,6,"Y",19
"FS_FIADB","TREE_GRM_ESTN","EST_BEGIN_RECALC","VARCHAR2",1,NA,NA,"Y",20
"FS_FIADB","TREE_GRM_ESTN","EST_END","NUMBER",22,13,6,"Y",21
"FS_FIADB","TREE_GRM_ESTN","EST_MIDPT","NUMBER",22,13,6,"Y",22
"FS_FIADB","TREE_GRM_ESTN","EST_THRESHOLD","NUMBER",22,13,6,"Y",23
"FS_FIADB","TREE_GRM_ESTN","DIA_BEGIN","NUMBER",22,5,2,"Y",24
"FS_FIADB","TREE_GRM_ESTN","DIA_BEGIN_RECALC","VARCHAR2",1,NA,NA,"Y",25
"FS_FIADB","TREE_GRM_ESTN","DIA_END","NUMBER",22,5,2,"Y",26
"FS_FIADB","TREE_GRM_ESTN","DIA_MIDPT","NUMBER",22,5,2,"Y",27
"FS_FIADB","TREE_GRM_ESTN","DIA_THRESHOLD","NUMBER",22,5,2,"Y",28
"FS_FIADB","TREE_GRM_ESTN","G_S","NUMBER",22,13,6,"Y",29
"FS_FIADB","TREE_GRM_ESTN","I","NUMBER",22,13,6,"Y",30
"FS_FIADB","TREE_GRM_ESTN","G_I","NUMBER",22,13,6,"Y",31
"FS_FIADB","TREE_GRM_ESTN","M","NUMBER",22,13,6,"Y",32
"FS_FIADB","TREE_GRM_ESTN","G_M","NUMBER",22,13,6,"Y",33
"FS_FIADB","TREE_GRM_ESTN","C","NUMBER",22,13,6,"Y",34
"FS_FIADB","TREE_GRM_ESTN","G_C","NUMBER",22,13,6,"Y",35
"FS_FIADB","TREE_GRM_ESTN","R","NUMBER",22,13,6,"Y",36
"FS_FIADB","TREE_GRM_ESTN","G_R","NUMBER",22,13,6,"Y",37
"FS_FIADB","TREE_GRM_ESTN","D","NUMBER",22,13,6,"Y",38
"FS_FIADB","TREE_GRM_ESTN","G_D","NUMBER",22,13,6,"Y",39
"FS_FIADB","TREE_GRM_ESTN","CD","NUMBER",22,13,6,"Y",40
"FS_FIADB","TREE_GRM_ESTN","G_CD","NUMBER",22,13,6,"Y",41
"FS_FIADB","TREE_GRM_ESTN","CI","NUMBER",22,13,6,"Y",42
"FS_FIADB","TREE_GRM_ESTN","G_CI","NUMBER",22,13,6,"Y",43
"FS_FIADB","TREE_GRM_ESTN","CREATED_BY","VARCHAR2",30,NA,NA,"Y",44
"FS_FIADB","TREE_GRM_ESTN","CREATED_DATE","DATE",7,NA,NA,"Y",45
"FS_FIADB","TREE_GRM_ESTN","CREATED_IN_INSTANCE","VARCHAR2",6,NA,NA,"Y",46
"FS_FIADB","TREE_GRM_ESTN","MODIFIED_BY","VARCHAR2",30,NA,NA,"Y",47
"FS_FIADB","TREE_GRM_ESTN","MODIFIED_DATE","DATE",7,NA,NA,"Y",48
"FS_FIADB","TREE_GRM_ESTN","MODIFIED_IN_INSTANCE","VARCHAR2",6,NA,NA,"Y",49
"FS_FIADB","TREE_GRM_MIDPT","TRE_CN","VARCHAR2",34,NA,NA,"N",1
"FS_FIADB","TREE_GRM_MIDPT","PREV_TRE_CN","VARCHAR2",34,NA,NA,"Y",2
"FS_FIADB","TREE_GRM_MIDPT","PLT_CN","VARCHAR2",34,NA,NA,"Y",3
"FS_FIADB","TREE_GRM_MIDPT","STATECD","NUMBER",22,2,0,"Y",4
"FS_FIADB","TREE_GRM_MIDPT","SUBPTYP","NUMBER",22,1,0,"Y",5
"FS_FIADB","TREE_GRM_MIDPT","SPCD","NUMBER",22,4,0,"Y",6
"FS_FIADB","TREE_GRM_MIDPT","STATUSCD","NUMBER",22,2,0,"Y",7
"FS_FIADB","TREE_GRM_MIDPT","DIA","NUMBER",22,5,2,"Y",8
"FS_FIADB","TREE_GRM_MIDPT","HT","NUMBER",22,3,0,"Y",9
"FS_FIADB","TREE_GRM_MIDPT","ACTUALHT","NUMBER",22,3,0,"Y",10
"FS_FIADB","TREE_GRM_MIDPT","CR","NUMBER",22,3,0,"Y",11
"FS_FIADB","TREE_GRM_MIDPT","STANDING_DEAD_CD","NUMBER",22,2,0,"Y",12
"FS_FIADB","TREE_GRM_MIDPT","DIAHTCD","NUMBER",22,1,0,"Y",13
"FS_FIADB","TREE_GRM_MIDPT","CULL","NUMBER",22,3,0,"Y",14
"FS_FIADB","TREE_GRM_MIDPT","ROUGHCULL","NUMBER",22,3,0,"Y",15
"FS_FIADB","TREE_GRM_MIDPT","CULLFORM","NUMBER",22,3,0,"Y",16
"FS_FIADB","TREE_GRM_MIDPT","CULLMSTOP","NUMBER",22,3,0,"Y",17
"FS_FIADB","TREE_GRM_MIDPT","DECAYCD","NUMBER",22,2,0,"Y",18
"FS_FIADB","TREE_GRM_MIDPT","TREECLCD","NUMBER",22,2,0,"Y",19
"FS_FIADB","TREE_GRM_MIDPT","HTDMP","NUMBER",22,3,1,"Y",20
"FS_FIADB","TREE_GRM_MIDPT","WDLDSTEM","NUMBER",22,3,0,"Y",21
"FS_FIADB","TREE_GRM_MIDPT","STDORGCD","NUMBER",22,2,0,"Y",22
"FS_FIADB","TREE_GRM_MIDPT","SITREE","NUMBER",22,3,0,"Y",23
"FS_FIADB","TREE_GRM_MIDPT","BALIVE","NUMBER",22,9,4,"Y",24
"FS_FIADB","TREE_GRM_MIDPT","VOLTSGRS","NUMBER",22,13,6,"Y",25
"FS_FIADB","TREE_GRM_MIDPT","VOLTSGRS_BARK","NUMBER",22,13,6,"Y",26
"FS_FIADB","TREE_GRM_MIDPT","VOLTSSND","NUMBER",22,13,6,"Y",27
"FS_FIADB","TREE_GRM_MIDPT","VOLTSSND_BARK","NUMBER",22,13,6,"Y",28
"FS_FIADB","TREE_GRM_MIDPT","VOLCFGRS_STUMP","NUMBER",22,13,6,"Y",29
"FS_FIADB","TREE_GRM_MIDPT","VOLCFGRS_STUMP_BARK","NUMBER",22,13,6,"Y",30
"FS_FIADB","TREE_GRM_MIDPT","VOLCFSND_STUMP","NUMBER",22,13,6,"Y",31
"FS_FIADB","TREE_GRM_MIDPT","VOLCFSND_STUMP_BARK","NUMBER",22,13,6,"Y",32
"FS_FIADB","TREE_GRM_MIDPT","VOLCFGRS","NUMBER",22,13,6,"Y",33
"FS_FIADB","TREE_GRM_MIDPT","VOLCFGRS_BARK","NUMBER",22,13,6,"Y",34
"FS_FIADB","TREE_GRM_MIDPT","VOLCFGRS_TOP","NUMBER",22,13,6,"Y",35
"FS_FIADB","TREE_GRM_MIDPT","VOLCFGRS_TOP_BARK","NUMBER",22,13,6,"Y",36
"FS_FIADB","TREE_GRM_MIDPT","VOLCFSND","NUMBER",22,13,6,"Y",37
"FS_FIADB","TREE_GRM_MIDPT","VOLCFSND_BARK","NUMBER",22,13,6,"Y",38
"FS_FIADB","TREE_GRM_MIDPT","VOLCFSND_TOP","NUMBER",22,13,6,"Y",39
"FS_FIADB","TREE_GRM_MIDPT","VOLCFSND_TOP_BARK","NUMBER",22,13,6,"Y",40
"FS_FIADB","TREE_GRM_MIDPT","VOLCFNET","NUMBER",22,13,6,"Y",41
"FS_FIADB","TREE_GRM_MIDPT","VOLCFNET_BARK","NUMBER",22,13,6,"Y",42
"FS_FIADB","TREE_GRM_MIDPT","VOLCSGRS","NUMBER",22,13,6,"Y",43
"FS_FIADB","TREE_GRM_MIDPT","VOLCSGRS_BARK","NUMBER",22,13,6,"Y",44
"FS_FIADB","TREE_GRM_MIDPT","VOLCSSND","NUMBER",22,13,6,"Y",45
"FS_FIADB","TREE_GRM_MIDPT","VOLCSSND_BARK","NUMBER",22,13,6,"Y",46
"FS_FIADB","TREE_GRM_MIDPT","VOLCSNET","NUMBER",22,13,6,"Y",47
"FS_FIADB","TREE_GRM_MIDPT","VOLCSNET_BARK","NUMBER",22,13,6,"Y",48
"FS_FIADB","TREE_GRM_MIDPT","VOLBFGRS","NUMBER",22,13,6,"Y",49
"FS_FIADB","TREE_GRM_MIDPT","VOLBFNET","NUMBER",22,13,6,"Y",50
"FS_FIADB","TREE_GRM_MIDPT","VOLBSGRS","NUMBER",22,13,6,"Y",51
"FS_FIADB","TREE_GRM_MIDPT","VOLBSNET","NUMBER",22,13,6,"Y",52
"FS_FIADB","TREE_GRM_MIDPT","DRYBIO_STEM","NUMBER",22,13,6,"Y",53
"FS_FIADB","TREE_GRM_MIDPT","DRYBIO_STEM_BARK","NUMBER",22,13,6,"Y",54
"FS_FIADB","TREE_GRM_MIDPT","DRYBIO_STUMP","NUMBER",22,13,6,"Y",55
"FS_FIADB","TREE_GRM_MIDPT","DRYBIO_STUMP_BARK","NUMBER",22,13,6,"Y",56
"FS_FIADB","TREE_GRM_MIDPT","DRYBIO_BOLE","NUMBER",22,13,6,"Y",57
"FS_FIADB","TREE_GRM_MIDPT","DRYBIO_BOLE_BARK","NUMBER",22,13,6,"Y",58
"FS_FIADB","TREE_GRM_MIDPT","DRYBIO_BRANCH","NUMBER",22,13,6,"Y",59
"FS_FIADB","TREE_GRM_MIDPT","DRYBIO_FOLIAGE","NUMBER",22,13,6,"Y",60
"FS_FIADB","TREE_GRM_MIDPT","DRYBIO_AG","NUMBER",22,13,6,"Y",61
"FS_FIADB","TREE_GRM_MIDPT","DRYBIO_BG","NUMBER",22,13,6,"Y",62
"FS_FIADB","TREE_GRM_MIDPT","CARBON_AG","NUMBER",22,13,6,"Y",63
"FS_FIADB","TREE_GRM_MIDPT","CARBON_BG","NUMBER",22,13,6,"Y",64
"FS_FIADB","TREE_GRM_MIDPT","DRYBIO_SAWLOG","NUMBER",22,13,6,"Y",65
"FS_FIADB","TREE_GRM_MIDPT","DRYBIO_SAWLOG_BARK","NUMBER",22,13,6,"Y",66
"FS_FIADB","TREE_GRM_MIDPT","CREATED_BY","VARCHAR2",30,NA,NA,"Y",67
"FS_FIADB","TREE_GRM_MIDPT","CREATED_DATE","DATE",7,NA,NA,"Y",68
"FS_FIADB","TREE_GRM_MIDPT","CREATED_IN_INSTANCE","VARCHAR2",6,NA,NA,"Y",69
"FS_FIADB","TREE_GRM_MIDPT","MODIFIED_BY","VARCHAR2",30,NA,NA,"Y",70
"FS_FIADB","TREE_GRM_MIDPT","MODIFIED_DATE","DATE",7,NA,NA,"Y",71
"FS_FIADB","TREE_GRM_MIDPT","MODIFIED_IN_INSTANCE","VARCHAR2",6,NA,NA,"Y",72
"FS_FIADB","TREE_GRM_THRESHOLD","TRE_CN","VARCHAR2",34,NA,NA,"N",1
"FS_FIADB","TREE_GRM_THRESHOLD","PREV_TRE_CN","VARCHAR2",34,NA,NA,"Y",2
"FS_FIADB","TREE_GRM_THRESHOLD","PLT_CN","VARCHAR2",34,NA,NA,"Y",3
"FS_FIADB","TREE_GRM_THRESHOLD","STATECD","NUMBER",22,2,0,"Y",4
"FS_FIADB","TREE_GRM_THRESHOLD","THRESHOLD_TYPE","VARCHAR2",10,NA,NA,"N",5
"FS_FIADB","TREE_GRM_THRESHOLD","SUBPTYP","NUMBER",22,1,0,"Y",6
"FS_FIADB","TREE_GRM_THRESHOLD","SPCD","NUMBER",22,4,0,"Y",7
"FS_FIADB","TREE_GRM_THRESHOLD","STATUSCD","NUMBER",22,2,0,"Y",8
"FS_FIADB","TREE_GRM_THRESHOLD","DIA","NUMBER",22,5,2,"Y",9
"FS_FIADB","TREE_GRM_THRESHOLD","HT","NUMBER",22,3,0,"Y",10
"FS_FIADB","TREE_GRM_THRESHOLD","ACTUALHT","NUMBER",22,3,0,"Y",11
"FS_FIADB","TREE_GRM_THRESHOLD","CR","NUMBER",22,3,0,"Y",12
"FS_FIADB","TREE_GRM_THRESHOLD","STANDING_DEAD_CD","NUMBER",22,2,0,"Y",13
"FS_FIADB","TREE_GRM_THRESHOLD","DIAHTCD","NUMBER",22,1,0,"Y",14
"FS_FIADB","TREE_GRM_THRESHOLD","CULL","NUMBER",22,3,0,"Y",15
"FS_FIADB","TREE_GRM_THRESHOLD","ROUGHCULL","NUMBER",22,3,0,"Y",16
"FS_FIADB","TREE_GRM_THRESHOLD","CULLFORM","NUMBER",22,3,0,"Y",17
"FS_FIADB","TREE_GRM_THRESHOLD","CULLMSTOP","NUMBER",22,3,0,"Y",18
"FS_FIADB","TREE_GRM_THRESHOLD","DECAYCD","NUMBER",22,2,0,"Y",19
"FS_FIADB","TREE_GRM_THRESHOLD","TREECLCD","NUMBER",22,2,0,"Y",20
"FS_FIADB","TREE_GRM_THRESHOLD","HTDMP","NUMBER",22,3,1,"Y",21
"FS_FIADB","TREE_GRM_THRESHOLD","WDLDSTEM","NUMBER",22,3,0,"Y",22
"FS_FIADB","TREE_GRM_THRESHOLD","STDORGCD","NUMBER",22,2,0,"Y",23
"FS_FIADB","TREE_GRM_THRESHOLD","SITREE","NUMBER",22,3,0,"Y",24
"FS_FIADB","TREE_GRM_THRESHOLD","BALIVE","NUMBER",22,9,4,"Y",25
"FS_FIADB","TREE_GRM_THRESHOLD","VOLTSGRS","NUMBER",22,13,6,"Y",26
"FS_FIADB","TREE_GRM_THRESHOLD","VOLTSGRS_BARK","NUMBER",22,13,6,"Y",27
"FS_FIADB","TREE_GRM_THRESHOLD","VOLTSSND","NUMBER",22,13,6,"Y",28
"FS_FIADB","TREE_GRM_THRESHOLD","VOLTSSND_BARK","NUMBER",22,13,6,"Y",29
"FS_FIADB","TREE_GRM_THRESHOLD","VOLCFGRS_STUMP","NUMBER",22,13,6,"Y",30
"FS_FIADB","TREE_GRM_THRESHOLD","VOLCFGRS_STUMP_BARK","NUMBER",22,13,6,"Y",31
"FS_FIADB","TREE_GRM_THRESHOLD","VOLCFSND_STUMP","NUMBER",22,13,6,"Y",32
"FS_FIADB","TREE_GRM_THRESHOLD","VOLCFSND_STUMP_BARK","NUMBER",22,13,6,"Y",33
"FS_FIADB","TREE_GRM_THRESHOLD","VOLCFGRS","NUMBER",22,13,6,"Y",34
"FS_FIADB","TREE_GRM_THRESHOLD","VOLCFGRS_BARK","NUMBER",22,13,6,"Y",35
"FS_FIADB","TREE_GRM_THRESHOLD","VOLCFGRS_TOP","NUMBER",22,13,6,"Y",36
"FS_FIADB","TREE_GRM_THRESHOLD","VOLCFGRS_TOP_BARK","NUMBER",22,13,6,"Y",37
"FS_FIADB","TREE_GRM_THRESHOLD","VOLCFSND","NUMBER",22,13,6,"Y",38
"FS_FIADB","TREE_GRM_THRESHOLD","VOLCFSND_BARK","NUMBER",22,13,6,"Y",39
"FS_FIADB","TREE_GRM_THRESHOLD","VOLCFSND_TOP","NUMBER",22,13,6,"Y",40
"FS_FIADB","TREE_GRM_THRESHOLD","VOLCFSND_TOP_BARK","NUMBER",22,13,6,"Y",41
"FS_FIADB","TREE_GRM_THRESHOLD","VOLCFNET","NUMBER",22,13,6,"Y",42
"FS_FIADB","TREE_GRM_THRESHOLD","VOLCFNET_BARK","NUMBER",22,13,6,"Y",43
"FS_FIADB","TREE_GRM_THRESHOLD","VOLCSGRS","NUMBER",22,13,6,"Y",44
"FS_FIADB","TREE_GRM_THRESHOLD","VOLCSGRS_BARK","NUMBER",22,13,6,"Y",45
"FS_FIADB","TREE_GRM_THRESHOLD","VOLCSSND","NUMBER",22,13,6,"Y",46
"FS_FIADB","TREE_GRM_THRESHOLD","VOLCSSND_BARK","NUMBER",22,13,6,"Y",47
"FS_FIADB","TREE_GRM_THRESHOLD","VOLCSNET","NUMBER",22,13,6,"Y",48
"FS_FIADB","TREE_GRM_THRESHOLD","VOLCSNET_BARK","NUMBER",22,13,6,"Y",49
"FS_FIADB","TREE_GRM_THRESHOLD","VOLBFGRS","NUMBER",22,13,6,"Y",50
"FS_FIADB","TREE_GRM_THRESHOLD","VOLBFNET","NUMBER",22,13,6,"Y",51
"FS_FIADB","TREE_GRM_THRESHOLD","VOLBSGRS","NUMBER",22,13,6,"Y",52
"FS_FIADB","TREE_GRM_THRESHOLD","VOLBSNET","NUMBER",22,13,6,"Y",53
"FS_FIADB","TREE_GRM_THRESHOLD","DRYBIO_STEM","NUMBER",22,13,6,"Y",54
"FS_FIADB","TREE_GRM_THRESHOLD","DRYBIO_STEM_BARK","NUMBER",22,13,6,"Y",55
"FS_FIADB","TREE_GRM_THRESHOLD","DRYBIO_STUMP","NUMBER",22,13,6,"Y",56
"FS_FIADB","TREE_GRM_THRESHOLD","DRYBIO_STUMP_BARK","NUMBER",22,13,6,"Y",57
"FS_FIADB","TREE_GRM_THRESHOLD","DRYBIO_BOLE","NUMBER",22,13,6,"Y",58
"FS_FIADB","TREE_GRM_THRESHOLD","DRYBIO_BOLE_BARK","NUMBER",22,13,6,"Y",59
"FS_FIADB","TREE_GRM_THRESHOLD","DRYBIO_BRANCH","NUMBER",22,13,6,"Y",60
"FS_FIADB","TREE_GRM_THRESHOLD","DRYBIO_FOLIAGE","NUMBER",22,13,6,"Y",61
"FS_FIADB","TREE_GRM_THRESHOLD","DRYBIO_AG","NUMBER",22,13,6,"Y",62
"FS_FIADB","TREE_GRM_THRESHOLD","DRYBIO_BG","NUMBER",22,13,6,"Y",63
"FS_FIADB","TREE_GRM_THRESHOLD","CARBON_AG","NUMBER",22,13,6,"Y",64
"FS_FIADB","TREE_GRM_THRESHOLD","CARBON_BG","NUMBER",22,13,6,"Y",65
"FS_FIADB","TREE_GRM_THRESHOLD","DRYBIO_SAWLOG","NUMBER",22,13,6,"Y",66
"FS_FIADB","TREE_GRM_THRESHOLD","DRYBIO_SAWLOG_BARK","NUMBER",22,13,6,"Y",67
"FS_FIADB","TREE_GRM_THRESHOLD","CREATED_BY","VARCHAR2",30,NA,NA,"Y",68
"FS_FIADB","TREE_GRM_THRESHOLD","CREATED_DATE","DATE",7,NA,NA,"Y",69
"FS_FIADB","TREE_GRM_THRESHOLD","CREATED_IN_INSTANCE","VARCHAR2",6,NA,NA,"Y",70
"FS_FIADB","TREE_GRM_THRESHOLD","MODIFIED_BY","VARCHAR2",30,NA,NA,"Y",71
"FS_FIADB","TREE_GRM_THRESHOLD","MODIFIED_DATE","DATE",7,NA,NA,"Y",72
"FS_FIADB","TREE_GRM_THRESHOLD","MODIFIED_IN_INSTANCE","VARCHAR2",6,NA,NA,"Y",73
"FS_FIADB","TREE_WOODLAND_STEMS","CN","VARCHAR2",34,NA,NA,"N",1
"FS_FIADB","TREE_WOODLAND_STEMS","PLT_CN","VARCHAR2",34,NA,NA,"N",2
"FS_FIADB","TREE_WOODLAND_STEMS","INVYR","NUMBER",22,4,0,"N",3
"FS_FIADB","TREE_WOODLAND_STEMS","STATECD","NUMBER",22,4,0,"N",4
"FS_FIADB","TREE_WOODLAND_STEMS","UNITCD","NUMBER",22,2,0,"N",5
"FS_FIADB","TREE_WOODLAND_STEMS","COUNTYCD","NUMBER",22,3,0,"N",6
"FS_FIADB","TREE_WOODLAND_STEMS","PLOT","NUMBER",22,NA,NA,"N",7
"FS_FIADB","TREE_WOODLAND_STEMS","SUBP","NUMBER",22,NA,NA,"N",8
"FS_FIADB","TREE_WOODLAND_STEMS","TREE","NUMBER",22,9,0,"Y",9
"FS_FIADB","TREE_WOODLAND_STEMS","TRE_CN","VARCHAR2",34,NA,NA,"N",10
"FS_FIADB","TREE_WOODLAND_STEMS","DIA","NUMBER",22,5,2,"Y",11
"FS_FIADB","TREE_WOODLAND_STEMS","STATUSCD","NUMBER",22,1,0,"Y",12
"FS_FIADB","TREE_WOODLAND_STEMS","STEM_NBR","NUMBER",22,3,0,"Y",13
"FS_FIADB","TREE_WOODLAND_STEMS","CYCLE","NUMBER",22,2,0,"Y",14
"FS_FIADB","TREE_WOODLAND_STEMS","SUBCYCLE","NUMBER",22,2,0,"Y",15
"FS_FIADB","TREE_WOODLAND_STEMS","CREATED_BY","VARCHAR2",30,NA,NA,"Y",16
"FS_FIADB","TREE_WOODLAND_STEMS","CREATED_DATE","DATE",7,NA,NA,"Y",17
"FS_FIADB","TREE_WOODLAND_STEMS","CREATED_IN_INSTANCE","VARCHAR2",6,NA,NA,"Y",18
"FS_FIADB","TREE_WOODLAND_STEMS","MODIFIED_BY","VARCHAR2",30,NA,NA,"Y",19
"FS_FIADB","TREE_WOODLAND_STEMS","MODIFIED_DATE","DATE",7,NA,NA,"Y",20
"FS_FIADB","TREE_WOODLAND_STEMS","MODIFIED_IN_INSTANCE","VARCHAR2",6,NA,NA,"Y",21
"FS_FIADB","VEG_PLOT_SPECIES","CN","VARCHAR2",34,NA,NA,"N",1
"FS_FIADB","VEG_PLOT_SPECIES","PLT_CN","VARCHAR2",34,NA,NA,"N",2
"FS_FIADB","VEG_PLOT_SPECIES","VVT_CN","VARCHAR2",34,NA,NA,"N",3
"FS_FIADB","VEG_PLOT_SPECIES","INVYR","NUMBER",22,4,0,"N",4
"FS_FIADB","VEG_PLOT_SPECIES","STATECD","NUMBER",22,4,0,"N",5
"FS_FIADB","VEG_PLOT_SPECIES","COUNTYCD","NUMBER",22,3,0,"N",6
"FS_FIADB","VEG_PLOT_SPECIES","PLOT","NUMBER",22,5,0,"N",7
"FS_FIADB","VEG_PLOT_SPECIES","VEG_FLDSPCD","VARCHAR2",16,NA,NA,"N",8
"FS_FIADB","VEG_PLOT_SPECIES","UNIQUE_SP_NBR","NUMBER",22,2,0,"N",9
"FS_FIADB","VEG_PLOT_SPECIES","VEG_SPCD","VARCHAR2",16,NA,NA,"Y",10
"FS_FIADB","VEG_PLOT_SPECIES","SPECIMEN_COLLECTED","CHAR",1,NA,NA,"Y",11
"FS_FIADB","VEG_PLOT_SPECIES","SPECIMEN_LABEL_NBR","NUMBER",22,NA,NA,"Y",12
"FS_FIADB","VEG_PLOT_SPECIES","SPECIMEN_NOT_COLLECTED_REASON","NUMBER",22,2,0,"Y",13
"FS_FIADB","VEG_PLOT_SPECIES","SPECIMEN_RESOLVED","CHAR",1,NA,NA,"Y",14
"FS_FIADB","VEG_PLOT_SPECIES","CREATED_BY","VARCHAR2",30,NA,NA,"Y",15
"FS_FIADB","VEG_PLOT_SPECIES","CREATED_DATE","DATE",7,NA,NA,"Y",16
"FS_FIADB","VEG_PLOT_SPECIES","CREATED_IN_INSTANCE","VARCHAR2",6,NA,NA,"Y",17
"FS_FIADB","VEG_PLOT_SPECIES","MODIFIED_BY","VARCHAR2",30,NA,NA,"Y",18
"FS_FIADB","VEG_PLOT_SPECIES","MODIFIED_DATE","DATE",7,NA,NA,"Y",19
"FS_FIADB","VEG_PLOT_SPECIES","MODIFIED_IN_INSTANCE","VARCHAR2",6,NA,NA,"Y",20
"FS_FIADB","VEG_PLOT_SPECIES","UPDATED_UNKNOWN_SPECIES_DATE","DATE",7,NA,NA,"Y",21
"FS_FIADB","VEG_QUADRAT","CN","VARCHAR2",34,NA,NA,"N",1
"FS_FIADB","VEG_QUADRAT","PLT_CN","VARCHAR2",34,NA,NA,"N",2
"FS_FIADB","VEG_QUADRAT","VVT_CN","VARCHAR2",34,NA,NA,"N",3
"FS_FIADB","VEG_QUADRAT","VSB_CN","VARCHAR2",34,NA,NA,"N",4
"FS_FIADB","VEG_QUADRAT","INVYR","NUMBER",22,4,0,"N",5
"FS_FIADB","VEG_QUADRAT","STATECD","NUMBER",22,4,0,"N",6
"FS_FIADB","VEG_QUADRAT","COUNTYCD","NUMBER",22,3,0,"N",7
"FS_FIADB","VEG_QUADRAT","PLOT","NUMBER",22,5,0,"N",8
"FS_FIADB","VEG_QUADRAT","SUBP","NUMBER",22,1,0,"Y",9
"FS_FIADB","VEG_QUADRAT","QUADRAT","NUMBER",22,1,0,"N",10
"FS_FIADB","VEG_QUADRAT","CONDID","NUMBER",22,1,0,"Y",11
"FS_FIADB","VEG_QUADRAT","QUADRAT_STATUS","NUMBER",22,1,0,"Y",12
"FS_FIADB","VEG_QUADRAT","QUADRAT_STATUS_PRE2004","NUMBER",22,1,0,"Y",13
"FS_FIADB","VEG_QUADRAT","TRAMPLING","NUMBER",22,1,0,"Y",14
"FS_FIADB","VEG_QUADRAT","CREATED_BY","VARCHAR2",30,NA,NA,"Y",15
"FS_FIADB","VEG_QUADRAT","CREATED_DATE","DATE",7,NA,NA,"Y",16
"FS_FIADB","VEG_QUADRAT","CREATED_IN_INSTANCE","VARCHAR2",6,NA,NA,"Y",17
"FS_FIADB","VEG_QUADRAT","MODIFIED_BY","VARCHAR2",30,NA,NA,"Y",18
"FS_FIADB","VEG_QUADRAT","MODIFIED_DATE","DATE",7,NA,NA,"Y",19
"FS_FIADB","VEG_QUADRAT","MODIFIED_IN_INSTANCE","VARCHAR2",6,NA,NA,"Y",20
"FS_FIADB","VEG_SUBPLOT","CN","VARCHAR2",34,NA,NA,"N",1
"FS_FIADB","VEG_SUBPLOT","PLT_CN","VARCHAR2",34,NA,NA,"N",2
"FS_FIADB","VEG_SUBPLOT","VVT_CN","VARCHAR2",34,NA,NA,"N",3
"FS_FIADB","VEG_SUBPLOT","INVYR","NUMBER",22,4,0,"N",4
"FS_FIADB","VEG_SUBPLOT","STATECD","NUMBER",22,4,0,"N",5
"FS_FIADB","VEG_SUBPLOT","COUNTYCD","NUMBER",22,3,0,"N",6
"FS_FIADB","VEG_SUBPLOT","PLOT","NUMBER",22,5,0,"N",7
"FS_FIADB","VEG_SUBPLOT","SUBP","NUMBER",22,1,0,"N",8
"FS_FIADB","VEG_SUBPLOT","VEG_SUBP_STATUS_CD","NUMBER",22,1,0,"Y",9
"FS_FIADB","VEG_SUBPLOT","VEG_SUBP_NONSAMPLE_REASN_CD","NUMBER",22,2,0,"Y",10
"FS_FIADB","VEG_SUBPLOT","SUBP_ACCESSIBLE_FOREST_PCT","NUMBER",22,3,0,"Y",11
"FS_FIADB","VEG_SUBPLOT","DETAILED_NONFOREST_LAND_USE","NUMBER",22,2,0,"Y",12
"FS_FIADB","VEG_SUBPLOT","TOTAL_CANOPY_COVER_LAYER_1","NUMBER",22,3,0,"Y",13
"FS_FIADB","VEG_SUBPLOT","TOTAL_CANOPY_COVER_LAYER_2","NUMBER",22,3,0,"Y",14
"FS_FIADB","VEG_SUBPLOT","TOTAL_CANOPY_COVER_LAYER_3","NUMBER",22,3,0,"Y",15
"FS_FIADB","VEG_SUBPLOT","TOTAL_CANOPY_COVER_LAYER_4","NUMBER",22,3,0,"Y",16
"FS_FIADB","VEG_SUBPLOT","CRYPTO_CRUST_COVER_PCT","NUMBER",22,3,0,"Y",17
"FS_FIADB","VEG_SUBPLOT","LICHEN_COVER_PCT","NUMBER",22,3,0,"Y",18
"FS_FIADB","VEG_SUBPLOT","LITTER_DUFF_COVER_PCT","NUMBER",22,3,0,"Y",19
"FS_FIADB","VEG_SUBPLOT","MINERAL_SOIL_COVER_PCT","NUMBER",22,3,0,"Y",20
"FS_FIADB","VEG_SUBPLOT","MOSS_COVER_PCT","NUMBER",22,3,0,"Y",21
"FS_FIADB","VEG_SUBPLOT","ROAD_TRAIL_COVER_PCT","NUMBER",22,3,0,"Y",22
"FS_FIADB","VEG_SUBPLOT","ROCK_COVER_PCT","NUMBER",22,3,0,"Y",23
"FS_FIADB","VEG_SUBPLOT","STANDING_WATER_COVER_PCT","NUMBER",22,3,0,"Y",24
"FS_FIADB","VEG_SUBPLOT","STREAM_LAKE_COVER_PCT","NUMBER",22,3,0,"Y",25
"FS_FIADB","VEG_SUBPLOT","TRASH_JUNK_COVER_PCT","NUMBER",22,3,0,"Y",26
"FS_FIADB","VEG_SUBPLOT","WOOD_COVER_PCT","NUMBER",22,3,0,"Y",27
"FS_FIADB","VEG_SUBPLOT","VEG_SUBP_STATUS_CD_PRE2004","NUMBER",22,1,0,"Y",28
"FS_FIADB","VEG_SUBPLOT","VEG_SUBP_NONSMP_RSN_CD_PRE2004","NUMBER",22,2,0,"Y",29
"FS_FIADB","VEG_SUBPLOT","CREATED_BY","VARCHAR2",30,NA,NA,"Y",30
"FS_FIADB","VEG_SUBPLOT","CREATED_DATE","DATE",7,NA,NA,"Y",31
"FS_FIADB","VEG_SUBPLOT","CREATED_IN_INSTANCE","VARCHAR2",6,NA,NA,"Y",32
"FS_FIADB","VEG_SUBPLOT","MODIFIED_BY","VARCHAR2",30,NA,NA,"Y",33
"FS_FIADB","VEG_SUBPLOT","MODIFIED_DATE","DATE",7,NA,NA,"Y",34
"FS_FIADB","VEG_SUBPLOT","MODIFIED_IN_INSTANCE","VARCHAR2",6,NA,NA,"Y",35
"FS_FIADB","VEG_SUBPLOT_SPP","CN","VARCHAR2",34,NA,NA,"N",1
"FS_FIADB","VEG_SUBPLOT_SPP","PLT_CN","VARCHAR2",34,NA,NA,"N",2
"FS_FIADB","VEG_SUBPLOT_SPP","VVT_CN","VARCHAR2",34,NA,NA,"N",3
"FS_FIADB","VEG_SUBPLOT_SPP","VSB_CN","VARCHAR2",34,NA,NA,"Y",4
"FS_FIADB","VEG_SUBPLOT_SPP","VPS_CN","VARCHAR2",34,NA,NA,"N",5
"FS_FIADB","VEG_SUBPLOT_SPP","INVYR","NUMBER",22,4,0,"N",6
"FS_FIADB","VEG_SUBPLOT_SPP","STATECD","NUMBER",22,4,0,"N",7
"FS_FIADB","VEG_SUBPLOT_SPP","COUNTYCD","NUMBER",22,3,0,"N",8
"FS_FIADB","VEG_SUBPLOT_SPP","PLOT","NUMBER",22,5,0,"N",9
"FS_FIADB","VEG_SUBPLOT_SPP","SUBP","NUMBER",22,1,0,"Y",10
"FS_FIADB","VEG_SUBPLOT_SPP","VEG_FLDSPCD","VARCHAR2",16,NA,NA,"N",11
"FS_FIADB","VEG_SUBPLOT_SPP","UNIQUE_SP_NBR","NUMBER",22,2,0,"N",12
"FS_FIADB","VEG_SUBPLOT_SPP","VEG_SPCD","VARCHAR2",16,NA,NA,"N",13
"FS_FIADB","VEG_SUBPLOT_SPP","SP_CANOPY_COVER_TOTAL","NUMBER",22,5,2,"Y",14
"FS_FIADB","VEG_SUBPLOT_SPP","SP_CANOPY_COVER_LAYER_1_2","NUMBER",22,5,2,"Y",15
"FS_FIADB","VEG_SUBPLOT_SPP","SP_CANOPY_COVER_LAYER_3","NUMBER",22,5,2,"Y",16
"FS_FIADB","VEG_SUBPLOT_SPP","SP_CANOPY_COVER_LAYER_4","NUMBER",22,5,2,"Y",17
"FS_FIADB","VEG_SUBPLOT_SPP","QUAD_1_PRESENCE","NUMBER",22,1,0,"Y",18
"FS_FIADB","VEG_SUBPLOT_SPP","QUAD_2_PRESENCE","NUMBER",22,1,0,"Y",19
"FS_FIADB","VEG_SUBPLOT_SPP","QUAD_3_PRESENCE","NUMBER",22,1,0,"Y",20
"FS_FIADB","VEG_SUBPLOT_SPP","DUMMY_SUBP_COVER_PRE2004","NUMBER",22,1,0,"Y",21
"FS_FIADB","VEG_SUBPLOT_SPP","MAX_COVER_LAYER_NBR_PRE2004","NUMBER",22,1,0,"Y",22
"FS_FIADB","VEG_SUBPLOT_SPP","CREATED_BY","VARCHAR2",30,NA,NA,"Y",23
"FS_FIADB","VEG_SUBPLOT_SPP","CREATED_DATE","DATE",7,NA,NA,"Y",24
"FS_FIADB","VEG_SUBPLOT_SPP","CREATED_IN_INSTANCE","VARCHAR2",6,NA,NA,"Y",25
"FS_FIADB","VEG_SUBPLOT_SPP","MODIFIED_BY","VARCHAR2",30,NA,NA,"Y",26
"FS_FIADB","VEG_SUBPLOT_SPP","MODIFIED_DATE","DATE",7,NA,NA,"Y",27
"FS_FIADB","VEG_SUBPLOT_SPP","MODIFIED_IN_INSTANCE","VARCHAR2",6,NA,NA,"Y",28
"FS_FIADB","VEG_VISIT","CN","VARCHAR2",34,NA,NA,"N",1
"FS_FIADB","VEG_VISIT","PLT_CN","VARCHAR2",34,NA,NA,"N",2
"FS_FIADB","VEG_VISIT","INVYR","NUMBER",22,4,0,"N",3
"FS_FIADB","VEG_VISIT","STATECD","NUMBER",22,4,0,"N",4
"FS_FIADB","VEG_VISIT","COUNTYCD","NUMBER",22,3,0,"N",5
"FS_FIADB","VEG_VISIT","PLOT","NUMBER",22,5,0,"N",6
"FS_FIADB","VEG_VISIT","VEG_QA_STATUS","NUMBER",22,1,0,"Y",7
"FS_FIADB","VEG_VISIT","VEG_KINDCD","NUMBER",22,2,0,"Y",8
"FS_FIADB","VEG_VISIT","VEG_MANUAL","VARCHAR2",8,NA,NA,"Y",9
"FS_FIADB","VEG_VISIT","TRACE_COVER_ALLOWED","NUMBER",22,1,0,"Y",10
"FS_FIADB","VEG_VISIT","VEG_MEASYEAR","NUMBER",22,4,0,"Y",11
"FS_FIADB","VEG_VISIT","VEG_MEASMON","NUMBER",22,2,0,"Y",12
"FS_FIADB","VEG_VISIT","VEG_MEASDAY","NUMBER",22,2,0,"Y",13
"FS_FIADB","VEG_VISIT","VEG_SAMPLE_BASIS","NUMBER",22,1,0,"Y",14
"FS_FIADB","VEG_VISIT","CREATED_BY","VARCHAR2",30,NA,NA,"Y",15
"FS_FIADB","VEG_VISIT","CREATED_DATE","DATE",7,NA,NA,"Y",16
"FS_FIADB","VEG_VISIT","CREATED_IN_INSTANCE","VARCHAR2",6,NA,NA,"Y",17
"FS_FIADB","VEG_VISIT","MODIFIED_BY","VARCHAR2",30,NA,NA,"Y",18
"FS_FIADB","VEG_VISIT","MODIFIED_DATE","DATE",7,NA,NA,"Y",19
"FS_FIADB","VEG_VISIT","MODIFIED_IN_INSTANCE","VARCHAR2",6,NA,NA,"Y",20
"FS_FIADB","VEG_VISIT","QA_STATUS","NUMBER",22,1,0,"Y",21
"FS_FIA_REFERENCE","REF_GRND_LYR","CN","NUMBER",22,NA,0,"N",1
"FS_FIA_REFERENCE","REF_GRND_LYR","GRND_LYR_CONFIG","VARCHAR2",20,NA,NA,"N",2
"FS_FIA_REFERENCE","REF_GRND_LYR","FUNCTIONAL_GROUP_CD","VARCHAR2",10,NA,NA,"N",3
"FS_FIA_REFERENCE","REF_GRND_LYR","CARBON_PCT","NUMBER",22,5,2,"Y",4
"FS_FIA_REFERENCE","REF_GRND_LYR","NITROGEN_PCT","NUMBER",22,5,2,"Y",5
"FS_FIA_REFERENCE","REF_GRND_LYR","BULKDENSITY_COEFF_M","NUMBER",22,5,4,"Y",6
"FS_FIA_REFERENCE","REF_GRND_LYR","BULKDENSITY_COEFF_A","NUMBER",22,5,4,"Y",7
"FS_FIA_REFERENCE","REF_GRND_LYR","BULKDENSITY_COEFF_B","NUMBER",22,6,4,"Y",8
"FS_FIA_REFERENCE","REF_GRND_LYR","CREATED_DATE","DATE",7,NA,NA,"N",9
"FS_FIA_REFERENCE","REF_GRND_LYR","MODIFIED_DATE","DATE",7,NA,NA,"Y",10
"FS_FIA_REFERENCE","REF_SPECIES","SPCD","NUMBER",22,NA,0,"Y",1
"FS_FIA_REFERENCE","REF_SPECIES","COMMON_NAME","VARCHAR2",100,NA,NA,"N",2
"FS_FIA_REFERENCE","REF_SPECIES","SHARED_COMMON_NAME_IND","CHAR",1,NA,NA,"Y",3
"FS_FIA_REFERENCE","REF_SPECIES","GENUS","VARCHAR2",4000,NA,NA,"Y",4
"FS_FIA_REFERENCE","REF_SPECIES","SPECIES","VARCHAR2",4000,NA,NA,"Y",5
"FS_FIA_REFERENCE","REF_SPECIES","VARIETY","VARCHAR2",4000,NA,NA,"Y",6
"FS_FIA_REFERENCE","REF_SPECIES","SUBSPECIES","VARCHAR2",4000,NA,NA,"Y",7
"FS_FIA_REFERENCE","REF_SPECIES","SCIENTIFIC_NAME","VARCHAR2",4000,NA,NA,"Y",8
"FS_FIA_REFERENCE","REF_SPECIES","SPECIES_SYMBOL","VARCHAR2",10,NA,NA,"Y",9
"FS_FIA_REFERENCE","REF_SPECIES","E_SPGRPCD","NUMBER",22,NA,NA,"Y",10
"FS_FIA_REFERENCE","REF_SPECIES","W_SPGRPCD","NUMBER",22,NA,NA,"Y",11
"FS_FIA_REFERENCE","REF_SPECIES","C_SPGRPCD","NUMBER",22,NA,NA,"Y",12
"FS_FIA_REFERENCE","REF_SPECIES","P_SPGRPCD","NUMBER",22,NA,NA,"Y",13
"FS_FIA_REFERENCE","REF_SPECIES","MAJOR_SPGRPCD","NUMBER",22,NA,NA,"Y",14
"FS_FIA_REFERENCE","REF_SPECIES","STOCKING_SPGRPCD","NUMBER",22,NA,NA,"Y",15
"FS_FIA_REFERENCE","REF_SPECIES","FOREST_TYPE_SPGRPCD","NUMBER",22,NA,NA,"Y",16
"FS_FIA_REFERENCE","REF_SPECIES","JENKINS_SPGRPCD","NUMBER",22,NA,NA,"Y",17
"FS_FIA_REFERENCE","REF_SPECIES","JENKINS_SAPLING_ADJUSTMENT","NUMBER",22,NA,NA,"Y",18
"FS_FIA_REFERENCE","REF_SPECIES","SITETREE","VARCHAR2",1,NA,NA,"Y",19
"FS_FIA_REFERENCE","REF_SPECIES","SFTWD_HRDWD","VARCHAR2",1,NA,NA,"Y",20
"FS_FIA_REFERENCE","REF_SPECIES","WOODLAND","VARCHAR2",1,NA,NA,"Y",21
"FS_FIA_REFERENCE","REF_SPECIES","WOOD_SPGR_GREENVOL_DRYWT","NUMBER",22,NA,NA,"Y",22
"FS_FIA_REFERENCE","REF_SPECIES","WOOD_SPGR_GREENVOL_DRYWT_CIT","NUMBER",22,NA,NA,"Y",23
"FS_FIA_REFERENCE","REF_SPECIES","BARK_SPGR_GREENVOL_DRYWT","NUMBER",22,NA,NA,"Y",24
"FS_FIA_REFERENCE","REF_SPECIES","BARK_SPGR_GREENVOL_DRYWT_CIT","NUMBER",22,NA,NA,"Y",25
"FS_FIA_REFERENCE","REF_SPECIES","MC_PCT_GREEN_WOOD","NUMBER",22,NA,NA,"Y",26
"FS_FIA_REFERENCE","REF_SPECIES","MC_PCT_GREEN_WOOD_CIT","NUMBER",22,NA,NA,"Y",27
"FS_FIA_REFERENCE","REF_SPECIES","MC_PCT_GREEN_BARK","NUMBER",22,NA,NA,"Y",28
"FS_FIA_REFERENCE","REF_SPECIES","MC_PCT_GREEN_BARK_CIT","NUMBER",22,NA,NA,"Y",29
"FS_FIA_REFERENCE","REF_SPECIES","BARK_VOL_PCT","NUMBER",22,NA,NA,"Y",30
"FS_FIA_REFERENCE","REF_SPECIES","BARK_VOL_PCT_CIT","NUMBER",22,NA,NA,"Y",31
"FS_FIA_REFERENCE","REF_SPECIES","CWD_DECAY_RATIO1","NUMBER",22,NA,NA,"Y",32
"FS_FIA_REFERENCE","REF_SPECIES","CWD_DECAY_RATIO2","NUMBER",22,NA,NA,"Y",33
"FS_FIA_REFERENCE","REF_SPECIES","CWD_DECAY_RATIO3","NUMBER",22,NA,NA,"Y",34
"FS_FIA_REFERENCE","REF_SPECIES","CWD_DECAY_RATIO4","NUMBER",22,NA,NA,"Y",35
"FS_FIA_REFERENCE","REF_SPECIES","CWD_DECAY_RATIO5","NUMBER",22,NA,NA,"Y",36
"FS_FIA_REFERENCE","REF_SPECIES","DWM_CARBON_RATIO","NUMBER",22,NA,NA,"Y",37
"FS_FIA_REFERENCE","REF_SPECIES","CARBON_RATIO_LIVE","NUMBER",22,NA,NA,"Y",38
"FS_FIA_REFERENCE","REF_SPECIES","DRYWT_TO_GREENWT_CONVERSION","NUMBER",22,NA,NA,"Y",39
"FS_FIA_REFERENCE","REF_SPECIES","CREATED_DATE","DATE",7,NA,NA,"N",40
"FS_FIA_REFERENCE","REF_SPECIES","MODIFIED_DATE","DATE",7,NA,NA,"Y",41
"FS_FIA_REFERENCE","REF_SPECIES_GROUP","SPGRPCD","NUMBER",22,4,0,"N",1
"FS_FIA_REFERENCE","REF_SPECIES_GROUP","NAME","VARCHAR2",40,NA,NA,"N",2
"FS_FIA_REFERENCE","REF_SPECIES_GROUP","REGION","VARCHAR2",4000,NA,NA,"Y",3
"FS_FIA_REFERENCE","REF_SPECIES_GROUP","CLASS","VARCHAR2",4000,NA,NA,"Y",4
"FS_FIA_REFERENCE","REF_SPECIES_GROUP","CREATED_DATE","DATE",7,NA,NA,"Y",5
"FS_FIA_REFERENCE","REF_SPECIES_GROUP","MODIFIED_DATE","DATE",7,NA,NA,"Y",6
"FS_FIA_REFERENCE","REF_TREE_CARBON_RATIO_DEAD","CN","NUMBER",22,NA,0,"N",1
"FS_FIA_REFERENCE","REF_TREE_CARBON_RATIO_DEAD","SFTWD_HRDWD","VARCHAR2",1,NA,NA,"N",2
"FS_FIA_REFERENCE","REF_TREE_CARBON_RATIO_DEAD","DECAYCD","NUMBER",22,1,0,"N",3
"FS_FIA_REFERENCE","REF_TREE_CARBON_RATIO_DEAD","CARBON_RATIO","NUMBER",22,6,5,"N",4
"FS_FIA_REFERENCE","REF_TREE_DECAY_PROP","CN","NUMBER",22,NA,0,"N",1
"FS_FIA_REFERENCE","REF_TREE_DECAY_PROP","DECAYCD","NUMBER",22,1,0,"N",2
"FS_FIA_REFERENCE","REF_TREE_DECAY_PROP","SFTWD_HRDWD","VARCHAR2",1,NA,NA,"N",3
"FS_FIA_REFERENCE","REF_TREE_DECAY_PROP","DENSITY_PROP","NUMBER",22,3,2,"Y",4
"FS_FIA_REFERENCE","REF_TREE_DECAY_PROP","BARK_LOSS_PROP","NUMBER",22,3,2,"Y",5
"FS_FIA_REFERENCE","REF_TREE_DECAY_PROP","BRANCH_LOSS_PROP","NUMBER",22,3,2,"Y",6
"FS_FIA_REFERENCE","REF_TREE_STND_DEAD_CR_PROP","CN","NUMBER",22,NA,0,"N",1
"FS_FIA_REFERENCE","REF_TREE_STND_DEAD_CR_PROP","ECOPROV","VARCHAR2",10,NA,NA,"N",2
"FS_FIA_REFERENCE","REF_TREE_STND_DEAD_CR_PROP","SFTWD_HRDWD","VARCHAR2",1,NA,NA,"N",3
"FS_FIA_REFERENCE","REF_TREE_STND_DEAD_CR_PROP","CR_MEAN","NUMBER",22,4,3,"Y",4
